0.00,0.33,44.10,7.36,3008.00,0.00,-5.64,0.00,-5.64,0.00,0.00,-5.64,0.00,-5.64,0.00,0.00,-5.64,0.00,-5.64,0.00,0.00,-5.64,0.10,5.64,0.00
00.08,-1.49,25.49,7.16,3008.00,0.00,-7.16,0.00,-7.16,0.00,0.00,-7.16,0.00,-7.16,0.00,0.00,-7.16,0.00,-7.16,0.00,0.00,-7.16,0.18,7.16,0.00
00.05,-0.98,14.58,7.72,3008.00,0.00,-6.74,0.00,-6.74,0.00,0.00,-6.74,0.00,-6.74,0.00,0.00,-6.74,0.00,-6.74,0.00,0.00,-6.74,0.19,6.74,0.00
00.07,-1.08,26.82,7.53,3008.00,0.00,-6.89,0.00,-6.89,0.00,0.00,-6.89,0.00,-6.89,0.00,0.00,-6.89,0.00,-6.89,0.00,0.00,-6.89,0.19,6.89,0.00
00.04,-1.34,15.49,7.72,3008.00,0.00,-6.90,0.00,-6.90,0.00,0.00,-6.90,0.00,-6.90,0.00,0.00,-6.90,0.00,-6.90,0.00,0.00,-6.90,0.11,6.90,0.00
00.02,-1.43,27.27,7.79,3008.00,0.00,-6.94,0.00,-6.94,0.00,0.00,-6.94,0.00,-6.94,0.00,0.00,-6.94,0.00,-6.94,0.00,0.00,-6.94,0.15,6.94,0.00
00.01,-1.56,34.28,7.68,3008.00,0.00,-7.03,0.00,-7.03,0.00,0.00,-7.03,0.00,-7.03,0.00,0.00,-7.03,0.00,-7.03,0.00,0.00,-7.03,0.13,7.03,0.00
00.01,-1.45,19.88,7.50,3008.00,0.00,-7.02,0.00,-7.02,0.00,0.00,-7.02,0.00,-7.02,0.00,0.00,-7.02,0.00,-7.02,0.00,0.00,-7.02,0.16,7.02,0.00
00.00,-1.42,29.97,7.46,3008.00,0.00,-6.96,0.00,-6.96,0.00,0.00,-6.96,0.00,-6.96,0.00,0.00,-6.96,0.00,-6.96,0.00,0.00,-6.96,0.22,6.96,0.00
00.00,-1.26,35.83,7.41,3008.00,0.00,-6.92,0.00,-6.92,0.00,0.00,-6.92,0.00,-6.92,0.00,0.00,-6.92,0.00,-6.92,0.00,0.00,-6.92,0.13,6.92,0.00
00.04,-1.29,39.28,7.37,3008.00,0.00,-7.02,0.00,-7.02,0.00,0.00,-7.02,0.00,-7.02,0.00,0.00,-7.02,0.00,-7.02,0.00,0.00,-7.02,0.16,7.02,0.00
00.03,-1.40,41.26,7.56,3008.00,0.00,-6.96,0.00,-6.96,0.00,0.00,-6.96,0.00,-6.96,0.00,0.00,-6.96,0.00,-6.96,0.00,0.00,-6.96,0.17,6.96,0.00
00.01,-1.40,42.55,7.49,3008.00,0.00,-6.94,0.00,-6.94,0.00,0.00,-6.94,0.00,-6.94,0.00,0.00,-6.94,0.00,-6.94,0.00,0.00,-6.94,0.23,6.94,0.00
00.01,-1.54,43.23,7.39,3008.00,0.00,-7.04,0.00,-7.04,0.00,0.00,-7.04,0.00,-7.04,0.00,0.00,-7.04,0.00,-7.04,0.00,0.00,-7.04,0.30,7.04,0.00
00.01,-1.59,43.67,7.43,3008.00,0.00,-7.05,0.00,-7.05,0.00,0.00,-7.05,0.00,-7.05,0.00,0.00,-7.05,0.00,-7.05,0.00,0.00,-7.05,0.26,7.05,0.00
00.04,-1.46,43.89,7.36,3008.00,0.00,-7.05,0.00,-7.05,0.00,0.00,-7.05,0.00,-7.05,0.00,0.00,-7.05,0.00,-7.05,0.00,0.00,-7.05,0.23,7.05,0.00
00.11,-1.35,25.41,7.70,3008.00,0.00,-6.84,0.00,-6.84,0.00,0.00,-6.84,0.00,-6.84,0.00,0.00,-6.84,0.00,-6.84,0.00,0.00,-6.84,0.30,6.84,0.00
00.06,-1.46,33.14,7.65,3008.00,0.00,-6.93,0.00,-6.93,0.00,0.00,-6.93,0.00,-6.93,0.00,0.00,-6.93,0.00,-6.93,0.00,0.00,-6.93,0.26,6.93,0.00
00.08,-1.43,37.74,7.33,3008.00,0.00,-6.97,0.00,-6.97,0.00,0.00,-6.97,0.00,-6.97,0.00,0.00,-6.97,0.00,-6.97,0.00,0.00,-6.97,0.19,6.97,0.00
00.09,-1.38,21.91,7.15,3008.00,0.00,-7.00,0.00,-7.00,0.00,0.00,-7.00,0.00,-7.00,0.00,0.00,-7.00,0.00,-7.00,0.00,0.00,-7.00,0.24,7.00,0.00
00.05,-1.40,31.09,7.31,3008.00,0.00,-6.97,0.00,-6.97,0.00,0.00,-6.97,0.00,-6.97,0.00,0.00,-6.97,0.00,-6.97,0.00,0.00,-6.97,0.18,6.97,0.00
00.11,-1.51,36.53,7.13,3008.00,0.00,-7.12,0.00,-7.12,0.00,0.00,-7.12,0.00,-7.12,0.00,0.00,-7.12,0.00,-7.12,0.00,0.00,-7.12,0.15,7.12,0.00
00.07,-1.35,39.77,7.37,3008.00,0.00,-7.01,0.00,-7.01,0.00,0.00,-7.01,0.00,-7.01,0.00,0.00,-7.01,0.00,-7.01,0.00,0.00,-7.01,0.13,7.01,0.00
00.04,-1.38,41.64,7.42,3008.00,0.00,-7.00,0.00,-7.00,0.00,0.00,-7.00,0.00,-7.00,0.00,0.00,-7.00,0.00,-7.00,0.00,0.00,-7.00,0.08,7.00,0.00
00.06,-1.64,42.73,7.64,3008.00,0.00,-7.05,0.00,-7.05,0.00,0.00,-7.05,0.00,-7.05,0.00,0.00,-7.05,0.00,-7.05,0.00,0.00,-7.05,0.13,7.05,0.00
00.04,-1.51,43.34,7.65,3008.00,0.00,-6.95,0.00,-6.95,0.00,0.00,-6.95,0.00,-6.95,0.00,0.00,-6.95,0.00,-6.95,0.00,0.00,-6.95,0.20,6.95,0.00
00.06,-1.33,43.73,7.40,3008.00,0.00,-6.91,0.00,-6.91,0.00,0.00,-6.91,0.00,-6.91,0.00,0.00,-6.91,0.00,-6.91,0.00,0.00,-6.91,0.16,6.91,0.00
00.08,-1.30,43.97,7.25,3008.00,0.00,-6.90,0.00,-6.90,0.00,0.00,-6.90,0.00,-6.90,0.00,0.00,-6.90,0.00,-6.90,0.00,0.00,-6.90,0.09,6.90,0.00
00.05,-1.50,44.15,7.38,3008.00,0.00,-6.98,0.00,-6.98,0.00,0.00,-6.98,0.00,-6.98,0.00,0.00,-6.98,0.00,-6.98,0.00,0.00,-6.98,0.18,6.98,0.00
00.07,-1.41,44.17,7.63,3008.00,0.00,-6.92,0.00,-6.92,0.00,0.00,-6.92,0.00,-6.92,0.00,0.00,-6.92,0.00,-6.92,0.00,0.00,-6.92,0.23,6.92,0.00
00.08,-1.43,44.18,7.68,3008.00,0.00,-6.93,0.00,-6.93,0.00,0.00,-6.93,0.00,-6.93,0.00,0.00,-6.93,0.00,-6.93,0.00,0.00,-6.93,0.18,6.93,0.00
00.05,-1.38,44.27,7.56,3008.00,0.00,-6.90,0.00,-6.90,0.00,0.00,-6.90,0.00,-6.90,0.00,0.00,-6.90,0.00,-6.90,0.00,0.00,-6.90,0.23,6.90,0.00
00.03,-1.23,25.79,7.49,3008.00,0.00,-6.84,0.00,-6.84,0.00,0.00,-6.84,0.00,-6.84,0.00,0.00,-6.84,0.00,-6.84,0.00,0.00,-6.84,0.13,6.84,0.00
00.02,-1.44,14.89,7.46,3008.00,0.00,-6.92,0.00,-6.92,0.00,0.00,-6.92,0.00,-6.92,0.00,0.00,-6.92,0.00,-6.92,0.00,0.00,-6.92,0.08,6.92,0.00
00.01,-1.42,26.96,7.50,3008.00,0.00,-6.92,0.00,-6.92,0.00,0.00,-6.92,0.00,-6.92,0.00,0.00,-6.92,0.00,-6.92,0.00,0.00,-6.92,0.13,6.92,0.00
00.01,-1.39,15.49,7.70,3008.00,0.00,-6.91,0.00,-6.91,0.00,0.00,-6.91,0.00,-6.91,0.00,0.00,-6.91,0.00,-6.91,0.00,0.00,-6.91,0.08,6.91,0.00
00.04,-1.38,27.39,7.64,3008.00,0.00,-6.92,0.00,-6.92,0.00,0.00,-6.92,0.00,-6.92,0.00,0.00,-6.92,0.00,-6.92,0.00,0.00,-6.92,0.09,6.92,0.00
00.03,-1.45,34.31,7.48,3008.00,0.00,-7.03,0.00,-7.03,0.00,0.00,-7.03,0.00,-7.03,0.00,0.00,-7.03,0.00,-7.03,0.00,0.00,-7.03,0.17,7.03,0.00
00.02,-1.44,19.90,7.53,3008.00,0.00,-7.00,0.00,-7.00,0.00,0.00,-7.00,0.00,-7.00,0.00,0.00,-7.00,0.00,-7.00,0.00,0.00,-7.00,0.14,7.00,0.00
00.01,-1.42,29.90,7.51,3008.00,0.00,-6.97,0.00,-6.97,0.00,0.00,-6.97,0.00,-6.97,0.00,0.00,-6.97,0.00,-6.97,0.00,0.00,-6.97,0.08,6.97,0.00
00.01,-1.39,35.79,7.47,3008.00,0.00,-6.98,0.00,-6.98,0.00,0.00,-6.98,0.00,-6.98,0.00,0.00,-6.98,0.00,-6.98,0.00,0.00,-6.98,0.17,6.98,0.00
00.00,-1.40,39.21,7.43,3008.00,0.00,-7.00,0.00,-7.00,0.00,0.00,-7.00,0.00,-7.00,0.00,0.00,-7.00,0.00,-7.00,0.00,0.00,-7.00,0.14,7.00,0.00
00.00,-1.39,41.31,7.43,3008.00,0.00,-6.95,0.00,-6.95,0.00,0.00,-6.95,0.00,-6.95,0.00,0.00,-6.95,0.00,-6.95,0.00,0.00,-6.95,0.17,6.95,0.00
00.00,-1.49,42.50,7.56,3008.00,0.00,-6.97,0.00,-6.97,0.00,0.00,-6.97,0.00,-6.97,0.00,0.00,-6.97,0.00,-6.97,0.00,0.00,-6.97,0.10,6.97,0.00
00.00,-1.50,43.24,7.41,3008.00,0.00,-7.05,0.00,-7.05,0.00,0.00,-7.05,0.00,-7.05,0.00,0.00,-7.05,0.00,-7.05,0.00,0.00,-7.05,0.18,7.05,0.00
00.00,-1.48,43.64,7.46,3008.00,0.00,-7.08,0.00,-7.08,0.00,0.00,-7.08,0.00,-7.08,0.00,0.00,-7.08,0.00,-7.08,0.00,0.00,-7.08,0.11,7.08,0.00
00.00,-1.56,43.87,7.45,3008.00,0.00,-7.13,0.00,-7.13,0.00,0.00,-7.13,0.00,-7.13,0.00,0.00,-7.13,0.00,-7.13,0.00,0.00,-7.13,0.10,7.13,0.00
00.00,-1.42,44.09,7.34,3008.00,0.00,-7.08,0.00,-7.08,0.00,0.00,-7.08,0.00,-7.08,0.00,0.00,-7.08,0.00,-7.08,0.00,0.00,-7.08,0.14,7.08,0.00
00.00,-1.55,44.17,7.34,3008.00,0.00,-7.10,0.00,-7.10,0.00,0.00,-7.10,0.00,-7.10,0.00,0.00,-7.10,0.00,-7.10,0.00,0.00,-7.10,0.21,7.10,0.00
00.00,-1.50,44.19,7.50,3008.00,0.00,-7.01,0.00,-7.01,0.00,0.00,-7.01,0.00,-7.01,0.00,0.00,-7.01,0.00,-7.01,0.00,0.00,-7.01,0.16,7.01,0.00
00.00,-1.67,44.19,7.53,3008.00,0.00,-7.07,0.00,-7.07,0.00,0.00,-7.07,0.00,-7.07,0.00,0.00,-7.07,0.00,-7.07,0.00,0.00,-7.07,0.18,7.07,0.00
00.04,-1.68,44.19,7.55,3008.00,0.00,-7.09,0.00,-7.09,0.00,0.00,-7.09,0.00,-7.09,0.00,0.00,-7.09,0.00,-7.09,0.00,0.00,-7.09,0.15,7.09,0.00
00.02,-1.70,44.24,7.37,3008.00,0.00,-7.15,0.00,-7.15,0.00,0.00,-7.15,0.00,-7.15,0.00,0.00,-7.15,0.00,-7.15,0.00,0.00,-7.15,0.29,7.15,0.00
00.01,-1.61,44.26,7.14,3008.00,0.00,-7.14,0.00,-7.14,0.00,0.00,-7.14,0.00,-7.14,0.00,0.00,-7.14,0.00,-7.14,0.00,0.00,-7.14,0.21,7.14,0.00
00.01,-1.36,44.28,7.34,3008.00,0.00,-7.00,0.00,-7.00,0.00,0.00,-7.00,0.00,-7.00,0.00,0.00,-7.00,0.00,-7.00,0.00,0.00,-7.00,0.21,7.00,0.00
00.00,-1.21,44.29,7.44,3008.00,0.00,-6.91,0.00,-6.91,0.00,0.00,-6.91,0.00,-6.91,0.00,0.00,-6.91,0.00,-6.91,0.00,0.00,-6.91,0.12,6.91,0.00
00.00,-1.28,44.29,7.37,3008.00,0.00,-6.98,0.00,-6.98,0.00,0.00,-6.98,0.00,-6.98,0.00,0.00,-6.98,0.00,-6.98,0.00,0.00,-6.98,0.15,6.98,0.00
00.00,-1.32,44.30,7.52,3008.00,0.00,-6.95,0.00,-6.95,0.00,0.00,-6.95,0.00,-6.95,0.00,0.00,-6.95,0.00,-6.95,0.00,0.00,-6.95,0.09,6.95,0.00
00.04,-1.45,25.77,7.63,3008.00,0.00,-6.94,0.00,-6.94,0.00,0.00,-6.94,0.00,-6.94,0.00,0.00,-6.94,0.00,-6.94,0.00,0.00,-6.94,0.14,6.94,0.00
00.11,-1.59,33.32,7.75,3008.00,0.00,-7.01,0.00,-7.01,0.00,0.00,-7.01,0.00,-7.01,0.00,0.00,-7.01,0.00,-7.01,0.00,0.00,-7.01,0.08,7.01,0.00
00.06,-1.49,19.27,7.79,3008.00,0.00,-6.94,0.00,-6.94,0.00,0.00,-6.94,0.00,-6.94,0.00,0.00,-6.94,0.00,-6.94,0.00,0.00,-6.94,0.13,6.94,0.00
00.04,-1.52,29.53,7.70,3008.00,0.00,-6.97,0.00,-6.97,0.00,0.00,-6.97,0.00,-6.97,0.00,0.00,-6.97,0.00,-6.97,0.00,0.00,-6.97,0.16,6.97,0.00
00.06,-1.34,35.66,7.63,3008.00,0.00,-6.94,0.00,-6.94,0.00,0.00,-6.94,0.00,-6.94,0.00,0.00,-6.94,0.00,-6.94,0.00,0.00,-6.94,0.22,6.94,0.00
00.04,-1.42,39.22,7.34,3008.00,0.00,-7.02,0.00,-7.02,0.00,0.00,-7.02,0.00,-7.02,0.00,0.00,-7.02,0.00,-7.02,0.00,0.00,-7.02,0.17,7.02,0.00
00.02,-1.52,41.31,7.34,3008.00,0.00,-7.06,0.00,-7.06,0.00,0.00,-7.06,0.00,-7.06,0.00,0.00,-7.06,0.00,-7.06,0.00,0.00,-7.06,0.22,7.06,0.00
00.05,-1.54,23.97,7.30,3008.00,0.00,-7.05,0.00,-7.05,0.00,0.00,-7.05,0.00,-7.05,0.00,0.00,-7.05,0.00,-7.05,0.00,0.00,-7.05,0.21,7.05,0.00
0-0.01,-1.56,13.81,7.42,3008.00,0.00,-7.03,0.00,-7.03,0.00,0.00,-7.03,0.00,-7.03,0.00,0.00,-7.03,0.00,-7.03,0.00,0.00,-7.03,0.17,7.03,0.00
00.08,-1.15,8.12,7.14,3008.00,0.00,-6.71,0.00,-6.71,0.00,0.00,-6.71,0.00,-6.71,0.00,0.00,-6.71,0.00,-6.71,0.00,0.00,-6.71,0.22,6.71,0.00
000.09,-1.57,4.12,8.76,3008.00,0.00,-7.01,0.00,-7.01,0.00,0.00,-7.01,0.00,-7.01,0.00,0.00,-7.01,0.00,-7.01,0.00,0.00,-7.01,0.21,7.01,0.00
000.05,-1.46,2.01,8.70,3008.00,0.00,-6.69,0.00,-6.69,0.00,0.00,-6.69,0.00,-6.69,0.00,0.00,-6.69,0.00,-6.69,0.00,0.00,-6.69,0.21,6.69,0.00
000.07,-1.68,19.42,8.27,3008.00,0.00,-7.09,0.00,-7.09,0.00,0.00,-7.09,0.00,-7.09,0.00,0.00,-7.09,0.00,-7.09,0.00,0.00,-7.09,0.16,7.09,0.00
00.08,-1.54,11.06,8.19,3008.00,0.00,-6.99,0.00,-6.99,0.00,0.00,-6.99,0.00,-6.99,0.00,0.00,-6.99,0.00,-6.99,0.00,0.00,-6.99,0.18,6.99,0.00
00.09,-1.65,24.70,7.89,3008.00,0.00,-7.06,0.00,-7.06,0.00,0.00,-7.06,0.00,-7.06,0.00,0.00,-7.06,0.00,-7.06,0.00,0.00,-7.06,0.19,7.06,0.00
00.05,-1.41,32.77,7.50,3008.00,0.00,-6.97,0.00,-6.97,0.00,0.00,-6.97,0.00,-6.97,0.00,0.00,-6.97,0.00,-6.97,0.00,0.00,-6.97,0.19,6.97,0.00
00.11,-1.36,37.52,7.80,3008.00,0.00,-6.87,0.00,-6.87,0.00,0.00,-6.87,0.00,-6.87,0.00,0.00,-6.87,0.00,-6.87,0.00,0.00,-6.87,0.11,6.87,0.00
00.07,-1.53,21.74,7.88,3008.00,0.00,-6.94,0.00,-6.94,0.00,0.00,-6.94,0.00,-6.94,0.00,0.00,-6.94,0.00,-6.94,0.00,0.00,-6.94,0.19,6.94,0.00
00.04,-1.55,30.99,7.66,3008.00,0.00,-6.99,0.00,-6.99,0.00,0.00,-6.99,0.00,-6.99,0.00,0.00,-6.99,0.00,-6.99,0.00,0.00,-6.99,0.24,6.99,0.00
00.02,-1.51,36.47,7.35,3008.00,0.00,-7.00,0.00,-7.00,0.00,0.00,-7.00,0.00,-7.00,0.00,0.00,-7.00,0.00,-7.00,0.00,0.00,-7.00,0.22,7.00,0.00
00.01,-1.37,21.12,7.26,3008.00,0.00,-6.96,0.00,-6.96,0.00,0.00,-6.96,0.00,-6.96,0.00,0.00,-6.96,0.00,-6.96,0.00,0.00,-6.96,0.17,6.96,0.00
00.05,-1.34,30.63,7.17,3008.00,0.00,-6.97,0.00,-6.97,0.00,0.00,-6.97,0.00,-6.97,0.00,0.00,-6.97,0.00,-6.97,0.00,0.00,-6.97,0.22,6.97,0.00
00.07,-1.33,36.26,7.46,3008.00,0.00,-6.87,0.00,-6.87,0.00,0.00,-6.87,0.00,-6.87,0.00,0.00,-6.87,0.00,-6.87,0.00,0.00,-6.87,0.26,6.87,0.00
00.04,-1.41,39.53,7.44,3008.00,0.00,-6.93,0.00,-6.93,0.00,0.00,-6.93,0.00,-6.93,0.00,0.00,-6.93,0.00,-6.93,0.00,0.00,-6.93,0.19,6.93,0.00
00.02,-1.51,22.92,7.24,3008.00,0.00,-7.03,0.00,-7.03,0.00,0.00,-7.03,0.00,-7.03,0.00,0.00,-7.03,0.00,-7.03,0.00,0.00,-7.03,0.15,7.03,0.00
00.01,-1.47,31.72,7.31,3008.00,0.00,-7.00,0.00,-7.00,0.00,0.00,-7.00,0.00,-7.00,0.00,0.00,-7.00,0.00,-7.00,0.00,0.00,-7.00,0.17,7.00,0.00
00.01,-1.17,36.86,7.16,3008.00,0.00,-6.97,0.00,-6.97,0.00,0.00,-6.97,0.00,-6.97,0.00,0.00,-6.97,0.00,-6.97,0.00,0.00,-6.97,0.14,6.97,0.00
00.09,-1.37,39.88,7.50,3008.00,0.00,-6.92,0.00,-6.92,0.00,0.00,-6.92,0.00,-6.92,0.00,0.00,-6.92,0.00,-6.92,0.00,0.00,-6.92,0.08,6.92,0.00
00.05,-1.42,41.66,7.38,3008.00,0.00,-6.95,0.00,-6.95,0.00,0.00,-6.95,0.00,-6.95,0.00,0.00,-6.95,0.00,-6.95,0.00,0.00,-6.95,0.09,6.95,0.00
00.03,-1.36,42.71,7.38,3008.00,0.00,-6.95,0.00,-6.95,0.00,0.00,-6.95,0.00,-6.95,0.00,0.00,-6.95,0.00,-6.95,0.00,0.00,-6.95,0.18,6.95,0.00
00.06,-1.44,43.32,7.13,3008.00,0.00,-7.06,0.00,-7.06,0.00,0.00,-7.06,0.00,-7.06,0.00,0.00,-7.06,0.00,-7.06,0.00,0.00,-7.06,0.15,7.06,0.00
00.03,-1.53,43.64,7.35,3008.00,0.00,-7.02,0.00,-7.02,0.00,0.00,-7.02,0.00,-7.02,0.00,0.00,-7.02,0.00,-7.02,0.00,0.00,-7.02,0.09,7.02,0.00
0-0.02,-1.83,25.38,7.66,3008.00,0.00,-7.05,0.00,-7.05,0.00,0.00,-7.05,0.00,-7.05,0.00,0.00,-7.05,0.00,-7.05,0.00,0.00,-7.05,0.13,7.05,0.00
0-0.01,-1.74,33.13,7.61,3008.00,0.00,-7.00,0.00,-7.00,0.00,0.00,-7.00,0.00,-7.00,0.00,0.00,-7.00,0.00,-7.00,0.00,0.00,-7.00,0.12,7.00,0.00
00.03,-1.69,37.73,7.50,3008.00,0.00,-7.00,0.00,-7.00,0.00,0.00,-7.00,0.00,-7.00,0.00,0.00,-7.00,0.00,-7.00,0.00,0.00,-7.00,0.11,7.00,0.00
00.06,-1.62,40.39,7.51,3008.00,0.00,-6.93,0.00,-6.93,0.00,0.00,-6.93,0.00,-6.93,0.00,0.00,-6.93,0.00,-6.93,0.00,0.00,-6.93,0.15,6.93,0.00
00.04,-1.61,41.96,7.39,3008.00,0.00,-7.10,0.00,-7.10,0.00,0.00,-7.10,0.00,-7.10,0.00,0.00,-7.10,0.00,-7.10,0.00,0.00,-7.10,0.13,7.10,0.00
00.10,-1.69,24.35,7.57,3008.00,0.00,-7.09,0.00,-7.09,0.00,0.00,-7.09,0.00,-7.09,0.00,0.00,-7.09,0.00,-7.09,0.00,0.00,-7.09,0.08,7.09,0.00
00.02,-1.57,32.57,7.61,3008.00,0.00,-6.99,0.00,-6.99,0.00,0.00,-6.99,0.00,-6.99,0.00,0.00,-6.99,0.00,-6.99,0.00,0.00,-6.99,0.13,6.99,0.00
00.01,-1.30,37.44,7.48,3008.00,0.00,-6.88,0.00,-6.88,0.00,0.00,-6.88,0.00,-6.88,0.00,0.00,-6.88,0.00,-6.88,0.00,0.00,-6.88,0.16,6.88,0.00
00.01,-1.33,40.26,7.49,3008.00,0.00,-6.84,0.00,-6.84,0.00,0.00,-6.84,0.00,-6.84,0.00,0.00,-6.84,0.00,-6.84,0.00,0.00,-6.84,0.13,6.84,0.00
00.00,-1.40,41.88,7.94,3008.00,0.00,-6.75,0.00,-6.75,0.00,0.00,-6.75,0.00,-6.75,0.00,0.00,-6.75,0.00,-6.75,0.00,0.00,-6.75,0.12,6.75,0.00
00.00,-1.56,42.80,7.62,3008.00,0.00,-6.88,0.00,-6.88,0.00,0.00,-6.88,0.00,-6.88,0.00,0.00,-6.88,0.00,-6.88,0.00,0.00,-6.88,0.07,6.88,0.00
00.00,-1.43,43.42,7.69,3008.00,0.00,-6.83,0.00,-6.83,0.00,0.00,-6.83,0.00,-6.83,0.00,0.00,-6.83,0.00,-6.83,0.00,0.00,-6.83,0.12,6.83,0.00
00.00,-1.24,43.78,7.35,3008.00,0.00,-6.89,0.00,-6.89,0.00,0.00,-6.89,0.00,-6.89,0.00,0.00,-6.89,0.00,-6.89,0.00,0.00,-6.89,0.07,6.89,0.00
00.00,-1.21,25.51,7.40,3008.00,0.00,-6.90,0.00,-6.90,0.00,0.00,-6.90,0.00,-6.90,0.00,0.00,-6.90,0.00,-6.90,0.00,0.00,-6.90,0.04,6.90,0.00
00.00,-1.48,33.16,7.61,3008.00,0.00,-6.94,0.00,-6.94,0.00,0.00,-6.94,0.00,-6.94,0.00,0.00,-6.94,0.00,-6.94,0.00,0.00,-6.94,0.07,6.94,0.00
0-0.04,-1.25,37.75,7.47,3008.00,0.00,-6.92,0.00,-6.92,0.00,0.00,-6.92,0.00,-6.92,0.00,0.00,-6.92,0.00,-6.92,0.00,0.00,-6.92,0.16,6.92,0.00
00.02,-1.34,40.40,7.49,3008.00,0.00,-6.90,0.00,-6.90,0.00,0.00,-6.90,0.00,-6.90,0.00,0.00,-6.90,0.00,-6.90,0.00,0.00,-6.90,0.10,6.90,0.00
00.01,-1.57,42.01,7.65,3008.00,0.00,-6.91,0.00,-6.91,0.00,0.00,-6.91,0.00,-6.91,0.00,0.00,-6.91,0.00,-6.91,0.00,0.00,-6.91,0.10,6.91,0.00
00.01,-1.54,42.91,7.51,3008.00,0.00,-6.98,0.00,-6.98,0.00,0.00,-6.98,0.00,-6.98,0.00,0.00,-6.98,0.00,-6.98,0.00,0.00,-6.98,0.14,6.98,0.00
00.00,-1.58,43.48,7.49,3008.00,0.00,-6.98,0.00,-6.98,0.00,0.00,-6.98,0.00,-6.98,0.00,0.00,-6.98,0.00,-6.98,0.00,0.00,-6.98,0.08,6.98,0.00
00.04,-1.48,43.74,7.40,3008.00,0.00,-6.94,0.00,-6.94,0.00,0.00,-6.94,0.00,-6.94,0.00,0.00,-6.94,0.00,-6.94,0.00,0.00,-6.94,0.13,6.94,0.00
00.07,-1.53,43.97,7.47,3008.00,0.00,-6.98,0.00,-6.98,0.00,0.00,-6.98,0.00,-6.98,0.00,0.00,-6.98,0.00,-6.98,0.00,0.00,-6.98,0.12,6.98,0.00
00.08,-1.46,44.11,7.53,3008.00,0.00,-6.90,0.00,-6.90,0.00,0.00,-6.90,0.00,-6.90,0.00,0.00,-6.90,0.00,-6.90,0.00,0.00,-6.90,0.07,6.90,0.00
00.09,-1.57,44.14,7.51,3008.00,0.00,-7.02,0.00,-7.02,0.00,0.00,-7.02,0.00,-7.02,0.00,0.00,-7.02,0.00,-7.02,0.00,0.00,-7.02,0.12,7.02,0.00
00.05,-1.69,44.17,7.75,3008.00,0.00,-7.01,0.00,-7.01,0.00,0.00,-7.01,0.00,-7.01,0.00,0.00,-7.01,0.00,-7.01,0.00,0.00,-7.01,0.11,7.01,0.00
00.03,-1.61,25.69,7.78,3008.00,0.00,-6.98,0.00,-6.98,0.00,0.00,-6.98,0.00,-6.98,0.00,0.00,-6.98,0.00,-6.98,0.00,0.00,-6.98,0.07,6.98,0.00
00.10,-1.52,33.35,7.77,3008.00,0.00,-6.93,0.00,-6.93,0.00,0.00,-6.93,0.00,-6.93,0.00,0.00,-6.93,0.00,-6.93,0.00,0.00,-6.93,0.04,6.93,0.00
00.10,-1.36,37.86,7.49,3008.00,0.00,-6.91,0.00,-6.91,0.00,0.00,-6.91,0.00,-6.91,0.00,0.00,-6.91,0.00,-6.91,0.00,0.00,-6.91,0.15,6.91,0.00
00.10,-1.46,21.94,7.45,3008.00,0.00,-6.98,0.00,-6.98,0.00,0.00,-6.98,0.00,-6.98,0.00,0.00,-6.98,0.00,-6.98,0.00,0.00,-6.98,0.09,6.98,0.00
00.10,-1.58,31.15,7.29,3008.00,0.00,-7.07,0.00,-7.07,0.00,0.00,-7.07,0.00,-7.07,0.00,0.00,-7.07,0.00,-7.07,0.00,0.00,-7.07,0.17,7.07,0.00
00.06,-1.59,36.56,7.39,3008.00,0.00,-7.08,0.00,-7.08,0.00,0.00,-7.08,0.00,-7.08,0.00,0.00,-7.08,0.00,-7.08,0.00,0.00,-7.08,0.14,7.08,0.00
00.03,-1.39,39.75,7.29,3008.00,0.00,-7.04,0.00,-7.04,0.00,0.00,-7.04,0.00,-7.04,0.00,0.00,-7.04,0.00,-7.04,0.00,0.00,-7.04,0.17,7.04,0.00
00.06,-1.27,41.62,7.28,3008.00,0.00,-6.96,0.00,-6.96,0.00,0.00,-6.96,0.00,-6.96,0.00,0.00,-6.96,0.00,-6.96,0.00,0.00,-6.96,0.18,6.96,0.00
00.04,-1.27,24.20,7.29,3008.00,0.00,-6.96,0.00,-6.96,0.00,0.00,-6.96,0.00,-6.96,0.00,0.00,-6.96,0.00,-6.96,0.00,0.00,-6.96,0.11,6.96,0.00
00.02,-1.23,32.52,7.39,3008.00,0.00,-6.91,0.00,-6.91,0.00,0.00,-6.91,0.00,-6.91,0.00,0.00,-6.91,0.00,-6.91,0.00,0.00,-6.91,0.06,6.91,0.00
00.01,-1.41,37.37,7.37,3008.00,0.00,-7.03,0.00,-7.03,0.00,0.00,-7.03,0.00,-7.03,0.00,0.00,-7.03,0.00,-7.03,0.00,0.00,-7.03,0.08,7.03,0.00
00.01,-1.45,21.69,7.29,3008.00,0.00,-7.06,0.00,-7.06,0.00,0.00,-7.06,0.00,-7.06,0.00,0.00,-7.06,0.00,-7.06,0.00,0.00,-7.06,0.17,7.06,0.00
00.00,-1.48,31.04,7.41,3008.00,0.00,-6.97,0.00,-6.97,0.00,0.00,-6.97,0.00,-6.97,0.00,0.00,-6.97,0.00,-6.97,0.00,0.00,-6.97,0.14,6.97,0.00
00.08,-1.52,36.54,7.44,3008.00,0.00,-7.02,0.00,-7.02,0.00,0.00,-7.02,0.00,-7.02,0.00,0.00,-7.02,0.00,-7.02,0.00,0.00,-7.02,0.08,7.02,0.00
00.05,-1.52,39.74,7.54,3008.00,0.00,-7.03,0.00,-7.03,0.00,0.00,-7.03,0.00,-7.03,0.00,0.00,-7.03,0.00,-7.03,0.00,0.00,-7.03,0.17,7.03,0.00
00.03,-1.56,41.57,7.38,3008.00,0.00,-7.09,0.00,-7.09,0.00,0.00,-7.09,0.00,-7.09,0.00,0.00,-7.09,0.00,-7.09,0.00,0.00,-7.09,0.10,7.09,0.00
00.06,-1.46,42.66,7.32,3008.00,0.00,-7.01,0.00,-7.01,0.00,0.00,-7.01,0.00,-7.01,0.00,0.00,-7.01,0.00,-7.01,0.00,0.00,-7.01,0.18,7.01,0.00
00.03,-1.35,43.33,7.25,3008.00,0.00,-6.99,0.00,-6.99,0.00,0.00,-6.99,0.00,-6.99,0.00,0.00,-6.99,0.00,-6.99,0.00,0.00,-6.99,0.15,6.99,0.00
00.06,-1.32,43.65,7.23,3008.00,0.00,-6.98,0.00,-6.98,0.00,0.00,-6.98,0.00,-6.98,0.00,0.00,-6.98,0.00,-6.98,0.00,0.00,-6.98,0.13,6.98,0.00
00.04,-1.43,43.83,7.37,3008.00,0.00,-6.97,0.00,-6.97,0.00,0.00,-6.97,0.00,-6.97,0.00,0.00,-6.97,0.00,-6.97,0.00,0.00,-6.97,0.20,6.97,0.00
00.02,-1.62,43.99,7.45,3008.00,0.00,-7.04,0.00,-7.04,0.00,0.00,-7.04,0.00,-7.04,0.00,0.00,-7.04,0.00,-7.04,0.00,0.00,-7.04,0.12,7.04,0.00
00.01,-1.80,44.16,7.63,3008.00,0.00,-7.04,0.00,-7.04,0.00,0.00,-7.04,0.00,-7.04,0.00,0.00,-7.04,0.00,-7.04,0.00,0.00,-7.04,0.15,7.04,0.00
00.09,-1.83,44.22,7.65,3008.00,0.00,-7.04,0.00,-7.04,0.00,0.00,-7.04,0.00,-7.04,0.00,0.00,-7.04,0.00,-7.04,0.00,0.00,-7.04,0.09,7.04,0.00
00.05,-1.67,25.68,7.59,3008.00,0.00,-7.03,0.00,-7.03,0.00,0.00,-7.03,0.00,-7.03,0.00,0.00,-7.03,0.00,-7.03,0.00,0.00,-7.03,0.05,7.03,0.00
00.03,-1.51,33.31,7.61,3008.00,0.00,-6.96,0.00,-6.96,0.00,0.00,-6.96,0.00,-6.96,0.00,0.00,-6.96,0.00,-6.96,0.00,0.00,-6.96,0.07,6.96,0.00
00.06,-1.39,19.30,7.37,3008.00,0.00,-6.98,0.00,-6.98,0.00,0.00,-6.98,0.00,-6.98,0.00,0.00,-6.98,0.00,-6.98,0.00,0.00,-6.98,0.17,6.98,0.00
00.03,-1.39,11.15,7.33,3008.00,0.00,-6.94,0.00,-6.94,0.00,0.00,-6.94,0.00,-6.94,0.00,0.00,-6.94,0.00,-6.94,0.00,0.00,-6.94,0.22,6.94,0.00
00.02,-1.33,24.80,7.38,3008.00,0.00,-6.89,0.00,-6.89,0.00,0.00,-6.89,0.00,-6.89,0.00,0.00,-6.89,0.00,-6.89,0.00,0.00,-6.89,0.17,6.89,0.00
00.05,-1.58,32.83,7.68,3008.00,0.00,-6.95,0.00,-6.95,0.00,0.00,-6.95,0.00,-6.95,0.00,0.00,-6.95,0.00,-6.95,0.00,0.00,-6.95,0.18,6.95,0.00
00.07,-1.46,37.51,7.69,3008.00,0.00,-6.89,0.00,-6.89,0.00,0.00,-6.89,0.00,-6.89,0.00,0.00,-6.89,0.00,-6.89,0.00,0.00,-6.89,0.19,6.89,0.00
00.08,-1.38,21.69,7.60,3008.00,0.00,-6.86,0.00,-6.86,0.00,0.00,-6.86,0.00,-6.86,0.00,0.00,-6.86,0.00,-6.86,0.00,0.00,-6.86,0.15,6.86,0.00
00.05,-1.43,31.04,7.41,3008.00,0.00,-6.86,0.00,-6.86,0.00,0.00,-6.86,0.00,-6.86,0.00,0.00,-6.86,0.00,-6.86,0.00,0.00,-6.86,0.17,6.86,0.00
00.03,-1.48,36.54,7.36,3008.00,0.00,-6.96,0.00,-6.96,0.00,0.00,-6.96,0.00,-6.96,0.00,0.00,-6.96,0.00,-6.96,0.00,0.00,-6.96,0.14,6.96,0.00
00.06,-1.48,39.74,7.40,3008.00,0.00,-6.99,0.00,-6.99,0.00,0.00,-6.99,0.00,-6.99,0.00,0.00,-6.99,0.00,-6.99,0.00,0.00,-6.99,0.08,6.99,0.00
00.03,-1.58,41.62,7.50,3008.00,0.00,-7.02,0.00,-7.02,0.00,0.00,-7.02,0.00,-7.02,0.00,0.00,-7.02,0.00,-7.02,0.00,0.00,-7.02,0.05,7.02,0.00
00.02,-1.55,42.68,7.36,3008.00,0.00,-7.03,0.00,-7.03,0.00,0.00,-7.03,0.00,-7.03,0.00,0.00,-7.03,0.00,-7.03,0.00,0.00,-7.03,0.03,7.03,0.00
00.01,-1.50,43.31,7.60,3008.00,0.00,-6.97,0.00,-6.97,0.00,0.00,-6.97,0.00,-6.97,0.00,0.00,-6.97,0.00,-6.97,0.00,0.00,-6.97,0.22,6.97,0.00
00.05,-1.66,43.72,7.59,3008.00,0.00,-6.95,0.00,-6.95,0.00,0.00,-6.95,0.00,-6.95,0.00,0.00,-6.95,0.00,-6.95,0.00,0.00,-6.95,0.25,6.95,0.00
00.07,-1.49,43.91,7.67,3008.00,0.00,-6.88,0.00,-6.88,0.00,0.00,-6.88,0.00,-6.88,0.00,0.00,-6.88,0.00,-6.88,0.00,0.00,-6.88,0.23,6.88,0.00
00.04,-1.65,44.03,7.48,3008.00,0.00,-7.03,0.00,-7.03,0.00,0.00,-7.03,0.00,-7.03,0.00,0.00,-7.03,0.00,-7.03,0.00,0.00,-7.03,0.18,7.03,0.00
00.07,-1.43,25.61,7.63,3008.00,0.00,-6.92,0.00,-6.92,0.00,0.00,-6.92,0.00,-6.92,0.00,0.00,-6.92,0.00,-6.92,0.00,0.00,-6.92,0.19,6.92,0.00
00.04,-1.37,14.78,7.47,3008.00,0.00,-6.91,0.00,-6.91,0.00,0.00,-6.91,0.00,-6.91,0.00,0.00,-6.91,0.00,-6.91,0.00,0.00,-6.91,0.15,6.91,0.00
00.10,-1.46,26.93,7.31,3008.00,0.00,-6.95,0.00,-6.95,0.00,0.00,-6.95,0.00,-6.95,0.00,0.00,-6.95,0.00,-6.95,0.00,0.00,-6.95,0.21,6.95,0.00
00.06,-1.60,34.00,7.46,3008.00,0.00,-6.94,0.00,-6.94,0.00,0.00,-6.94,0.00,-6.94,0.00,0.00,-6.94,0.00,-6.94,0.00,0.00,-6.94,0.12,6.94,0.00
00.04,-1.63,19.71,7.44,3008.00,0.00,-6.95,0.00,-6.95,0.00,0.00,-6.95,0.00,-6.95,0.00,0.00,-6.95,0.00,-6.95,0.00,0.00,-6.95,0.20,6.95,0.00
00.02,-1.51,29.84,7.40,3008.00,0.00,-6.94,0.00,-6.94,0.00,0.00,-6.94,0.00,-6.94,0.00,0.00,-6.94,0.00,-6.94,0.00,0.00,-6.94,0.12,6.94,0.00
00.01,-1.28,35.79,7.30,3008.00,0.00,-6.90,0.00,-6.90,0.00,0.00,-6.90,0.00,-6.90,0.00,0.00,-6.90,0.00,-6.90,0.00,0.00,-6.90,0.15,6.90,0.00
00.01,-1.16,20.77,7.29,3008.00,0.00,-6.81,0.00,-6.81,0.00,0.00,-6.81,0.00,-6.81,0.00,0.00,-6.81,0.00,-6.81,0.00,0.00,-6.81,0.21,6.81,0.00
00.09,-1.16,30.42,7.27,3008.00,0.00,-6.87,0.00,-6.87,0.00,0.00,-6.87,0.00,-6.87,0.00,0.00,-6.87,0.00,-6.87,0.00,0.00,-6.87,0.12,6.87,0.00
00.05,-1.24,36.13,7.44,3008.00,0.00,-6.88,0.00,-6.88,0.00,0.00,-6.88,0.00,-6.88,0.00,0.00,-6.88,0.00,-6.88,0.00,0.00,-6.88,0.24,6.88,0.00
00.07,-1.18,39.45,7.24,3008.00,0.00,-6.96,0.00,-6.96,0.00,0.00,-6.96,0.00,-6.96,0.00,0.00,-6.96,0.00,-6.96,0.00,0.00,-6.96,0.22,6.96,0.00
00.04,-1.25,41.53,7.15,3008.00,0.00,-6.96,0.00,-6.96,0.00,0.00,-6.96,0.00,-6.96,0.00,0.00,-6.96,0.00,-6.96,0.00,0.00,-6.96,0.13,6.96,0.00
00.07,-1.39,24.14,7.22,3008.00,0.00,-7.00,0.00,-7.00,0.00,0.00,-7.00,0.00,-7.00,0.00,0.00,-7.00,0.00,-7.00,0.00,0.00,-7.00,0.24,7.00,0.00
00.04,-1.43,32.36,7.50,3008.00,0.00,-6.95,0.00,-6.95,0.00,0.00,-6.95,0.00,-6.95,0.00,0.00,-6.95,0.00,-6.95,0.00,0.00,-6.95,0.27,6.95,0.00
00.06,-1.60,37.24,7.59,3008.00,0.00,-7.02,0.00,-7.02,0.00,0.00,-7.02,0.00,-7.02,0.00,0.00,-7.02,0.00,-7.02,0.00,0.00,-7.02,0.20,7.02,0.00
00.12,-1.58,40.14,7.65,3008.00,0.00,-7.00,0.00,-7.00,0.00,0.00,-7.00,0.00,-7.00,0.00,0.00,-7.00,0.00,-7.00,0.00,0.00,-7.00,0.24,7.00,0.00
00.07,-1.60,41.81,7.70,3008.00,0.00,-6.95,0.00,-6.95,0.00,0.00,-6.95,0.00,-6.95,0.00,0.00,-6.95,0.00,-6.95,0.00,0.00,-6.95,0.26,6.95,0.00
00.08,-1.22,42.84,7.38,3008.00,0.00,-6.88,0.00,-6.88,0.00,0.00,-6.88,0.00,-6.88,0.00,0.00,-6.88,0.00,-6.88,0.00,0.00,-6.88,0.24,6.88,0.00
00.09,-1.34,43.44,7.54,3008.00,0.00,-6.86,0.00,-6.86,0.00,0.00,-6.86,0.00,-6.86,0.00,0.00,-6.86,0.00,-6.86,0.00,0.00,-6.86,0.14,6.86,0.00
00.05,-1.37,43.79,7.63,3008.00,0.00,-6.89,0.00,-6.89,0.00,0.00,-6.89,0.00,-6.89,0.00,0.00,-6.89,0.00,-6.89,0.00,0.00,-6.89,0.08,6.89,0.00
00.11,-1.36,44.04,7.63,3008.00,0.00,-6.87,0.00,-6.87,0.00,0.00,-6.87,0.00,-6.87,0.00,0.00,-6.87,0.00,-6.87,0.00,0.00,-6.87,0.17,6.87,0.00
00.11,-1.37,44.11,7.34,3008.00,0.00,-6.95,0.00,-6.95,0.00,0.00,-6.95,0.00,-6.95,0.00,0.00,-6.95,0.00,-6.95,0.00,0.00,-6.95,0.10,6.95,0.00
00.06,-1.40,44.15,7.28,3008.00,0.00,-7.00,0.00,-7.00,0.00,0.00,-7.00,0.00,-7.00,0.00,0.00,-7.00,0.00,-7.00,0.00,0.00,-7.00,0.02,7.00,0.00
00.04,-1.53,25.64,7.34,3008.00,0.00,-7.07,0.00,-7.07,0.00,0.00,-7.07,0.00,-7.07,0.00,0.00,-7.07,0.00,-7.07,0.00,0.00,-7.07,0.13,7.07,0.00
00.06,-1.31,33.28,7.38,3008.00,0.00,-6.94,0.00,-6.94,0.00,0.00,-6.94,0.00,-6.94,0.00,0.00,-6.94,0.00,-6.94,0.00,0.00,-6.94,0.12,6.94,0.00
00.04,-1.53,37.74,7.34,3008.00,0.00,-7.08,0.00,-7.08,0.00,0.00,-7.08,0.00,-7.08,0.00,0.00,-7.08,0.00,-7.08,0.00,0.00,-7.08,0.19,7.08,0.00
00.02,-1.55,40.48,7.32,3008.00,0.00,-7.03,0.00,-7.03,0.00,0.00,-7.03,0.00,-7.03,0.00,0.00,-7.03,0.00,-7.03,0.00,0.00,-7.03,0.20,7.03,0.00
00.05,-1.44,42.05,7.27,3008.00,0.00,-6.99,0.00,-6.99,0.00,0.00,-6.99,0.00,-6.99,0.00,0.00,-6.99,0.00,-6.99,0.00,0.00,-6.99,0.24,6.99,0.00
00.03,-1.31,24.41,7.26,3008.00,0.00,-6.95,0.00,-6.95,0.00,0.00,-6.95,0.00,-6.95,0.00,0.00,-6.95,0.00,-6.95,0.00,0.00,-6.95,0.14,6.95,0.00
00.02,-1.26,14.03,7.37,3008.00,0.00,-6.87,0.00,-6.87,0.00,0.00,-6.87,0.00,-6.87,0.00,0.00,-6.87,0.00,-6.87,0.00,0.00,-6.87,0.12,6.87,0.00
00.01,-1.49,26.41,7.70,3008.00,0.00,-6.92,0.00,-6.92,0.00,0.00,-6.92,0.00,-6.92,0.00,0.00,-6.92,0.00,-6.92,0.00,0.00,-6.92,0.20,6.92,0.00
00.05,-1.43,33.74,7.82,3008.00,0.00,-6.83,0.00,-6.83,0.00,0.00,-6.83,0.00,-6.83,0.00,0.00,-6.83,0.00,-6.83,0.00,0.00,-6.83,0.20,6.83,0.00
00.03,-1.51,38.09,7.79,3008.00,0.00,-6.82,0.00,-6.82,0.00,0.00,-6.82,0.00,-6.82,0.00,0.00,-6.82,0.00,-6.82,0.00,0.00,-6.82,0.24,6.82,0.00
00.02,-1.48,40.60,7.88,3008.00,0.00,-6.81,0.00,-6.81,0.00,0.00,-6.81,0.00,-6.81,0.00,0.00,-6.81,0.00,-6.81,0.00,0.00,-6.81,0.26,6.81,0.00
00.01,-1.50,42.13,8.03,3008.00,0.00,-6.77,0.00,-6.77,0.00,0.00,-6.77,0.00,-6.77,0.00,0.00,-6.77,0.00,-6.77,0.00,0.00,-6.77,0.24,6.77,0.00
00.01,-1.49,43.06,8.11,3008.00,0.00,-6.80,0.00,-6.80,0.00,0.00,-6.80,0.00,-6.80,0.00,0.00,-6.80,0.00,-6.80,0.00,0.00,-6.80,0.22,6.80,0.00
00.00,-1.59,43.57,7.76,3008.00,0.00,-6.94,0.00,-6.94,0.00,0.00,-6.94,0.00,-6.94,0.00,0.00,-6.94,0.00,-6.94,0.00,0.00,-6.94,0.21,6.94,0.00
00.00,-1.39,43.87,7.37,3008.00,0.00,-6.94,0.00,-6.94,0.00,0.00,-6.94,0.00,-6.94,0.00,0.00,-6.94,0.00,-6.94,0.00,0.00,-6.94,0.17,6.94,0.00
00.04,-1.59,44.05,7.50,3008.00,0.00,-7.02,0.00,-7.02,0.00,0.00,-7.02,0.00,-7.02,0.00,0.00,-7.02,0.00,-7.02,0.00,0.00,-7.02,0.10,7.02,0.00
00.02,-1.42,25.58,7.51,3008.00,0.00,-6.96,0.00,-6.96,0.00,0.00,-6.96,0.00,-6.96,0.00,0.00,-6.96,0.00,-6.96,0.00,0.00,-6.96,0.18,6.96,0.00
00.06,-1.55,14.68,7.78,3008.00,0.00,-6.96,0.00,-6.96,0.00,0.00,-6.96,0.00,-6.96,0.00,0.00,-6.96,0.00,-6.96,0.00,0.00,-6.96,0.19,6.96,0.00
00.07,-1.67,26.87,7.69,3008.00,0.00,-7.02,0.00,-7.02,0.00,0.00,-7.02,0.00,-7.02,0.00,0.00,-7.02,0.00,-7.02,0.00,0.00,-7.02,0.19,7.02,0.00
00.08,-1.57,15.48,7.61,3008.00,0.00,-7.00,0.00,-7.00,0.00,0.00,-7.00,0.00,-7.00,0.00,0.00,-7.00,0.00,-7.00,0.00,0.00,-7.00,0.20,7.00,0.00
00.13,-1.58,27.31,7.81,3008.00,0.00,-6.91,0.00,-6.91,0.00,0.00,-6.91,0.00,-6.91,0.00,0.00,-6.91,0.00,-6.91,0.00,0.00,-6.91,0.16,6.91,0.00
0