0.000000|0.000000|0.000000|0.000000|0|-100.063716|152.680230|-26.738030|209.185393|-27672|0.000000|0.000000|0.000000|0.000000|0|0.000000|0.000000|0.000000|0.000000|0|0.000000|0.000000|0.000000|-107.391848|0
0.000000|0.000000|0.000000|0.000000|0|-115.177452|204.170846|-48.383108|-2559.893644|-27672|0.000000|0.000000|0.000000|0.000000|0|0.000000|0.000000|0.000000|0.000000|0|0.000000|0.000000|7.639439|2770.740527|0
0.000000|0.000000|0.000000|0.000000|0|-109.350656|-414.946778|-31.618790|-107751.029836|-27672|0.000000|0.000000|0.000000|0.000000|0|0.000000|0.000000|0.000000|0.000000|0|0.000000|0.000000|-19.735212|106711.986790|0
0.000000|0.000000|0.000000|0.000000|0|-113.284592|-23804.605895|49.373396|-4121401.921794|-27672|0.000000|0.000000|0.000000|0.000000|0|0.000000|0.000000|0.000000|0.000000|0|0.000000|0.000000|-89.551185|4073583.182523|0
0.000000|0.000000|0.000000|0.000000|0|-169.846340|-915744.120013|163.281179|-157430773.029997|-27672|0.000000|0.000000|0.000000|0.000000|0|0.000000|0.000000|0.000000|0.000000|0|0.000000|0.000000|-157.103608|155599090.620941|0
0.000000|0.000000|0.000000|0.000000|0|-285.804179|-34984344.604452|158.203957|-6013420163.308908|-27672|0.000000|0.000000|0.000000|0.000000|0|0.000000|0.000000|0.000000|0.000000|0|0.000000|0.000000|-68.448418|5943450577.739365|0
0.000000|0.000000|0.000000|0.000000|0|-356.233914|-1336317257.809633|82.346655|-229695747679.903625|-27672|0.000000|0.000000|0.000000|0.000000|0|0.000000|0.000000|0.000000|0.000000|0|0.000000|0.000000|4.024063|227023109252.892487|0
0.000000|0.000000|0.000000|0.000000|0|-339.421774|-51042725318.563240|-49.007483|-8773731203342.393555|-27672|0.000000|0.000000|0.000000|0.000000|0|0.000000|0.000000|0.000000|0.000000|0|0.000000|0.000000|65.708066|8671644334173.811523|0
0.000000|0.000000|0.000000|0.000000|0|-246.400528|-1949743115181.029541|-103.215070|-335131846716665.187500|-27672|0.000000|0.000000|0.000000|0.000000|0|0.000000|0.000000|0.000000|0.000000|0|0.000000|0.000000|62.903971|331232405879309.687500|0
0.000000|0.000000|0.000000|0.000000|0|-79.161011|-74472941475011.906250|-95.467156|-12801094104586608.000000|-27672|0.000000|0.000000|0.000000|0.000000|0|0.000000|0.000000|0.000000|0.000000|0|0.000000|0.000000|11.378233|12652146598169054.000000|0
0.000000|0.000000|0.000000|0.000000|0|38.671567|-2844663729964076.000000|-174.362672|-488965813012806464.000000|-27672|0.000000|0.000000|0.000000|0.000000|0|0.000000|0.000000|0.000000|0.000000|0|0.000000|0.000000|78.250290|483276450007484032.000000|0
0.000000|0.000000|0.000000|0.000000|0|167.335589|-108660629910070496.000000|-130.211465|-18677117590676946944.000000|-27672|0.000000|0.000000|0.000000|0.000000|0|0.000000|0.000000|0.000000|0.000000|0|0.000000|0.000000|-14.678219|18459800443185504256.000000|0
0.000000|0.000000|0.000000|0.000000|0|231.694821|-4150519107017713664.000000|-212.622184|-713413328633424248832.000000|-27672|0.000000|0.000000|0.000000|0.000000|0|0.000000|0.000000|0.000000|0.000000|0|0.000000|0.000000|108.625803|705112413614257078272.000000|0
0.000000|0.000000|0.000000|0.000000|0|344.514615|-158535668077997457408.000000|-286.739972|-27250385171994170621952.000000|-27672|0.000000|0.000000|0.000000|0.000000|0|0.000000|0.000000|0.000000|0.000000|0|0.000000|0.000000|118.253823|26933311864720284712960.000000|0
0.000000|0.000000|0.000000|0.000000|0|445.956697|-6055618212687481143296.000000|-220.339528|-1040888050129410390491136.000000|-27672|0.000000|0.000000|0.000000|0.000000|0|0.000000|0.000000|0.000000|0.000000|0|0.000000|0.000000|4.351370|1028776676084168108539904.000000|0
0.000000|0.000000|0.000000|0.000000|0|486.699002|-231308720629983840567296.000000|-359.878468|-39758994743974661707530240.000000|-27672|0.000000|0.000000|0.000000|0.000000|0|0.000000|0.000000|0.000000|0.000000|0|0.000000|0.000000|184.337560|39296377669701011459014656.000000|0
0.000000|0.000000|0.000000|0.000000|0|597.012612|-8835327598386920109899776.000000|-443.024803|-1518681761168534540352749568.000000|-27672|0.000000|0.000000|0.000000|0.000000|0|0.000000|0.000000|0.000000|0.000000|0|0.000000|0.000000|185.917064|1501011176433132760285052928.000000|0
0.000000|0.000000|0.000000|0.000000|0|745.272319|-337483196935908969926361088.000000|-531.976291|-58009375271618762063304720384.000000|-27672|0.000000|0.000000|0.000000|0.000000|0|0.000000|0.000000|0.000000|0.000000|0|0.000000|0.000000|190.789786|57334401173970264097986445312.000000|0
0.000000|0.000000|0.000000|0.000000|0|880.307050|-12890981301637574398060789760.000000|-424.548259|-2215794851987700530288116367360.000000|-27672|0.000000|0.000000|0.000000|0.000000|0|0.000000|0.000000|0.000000|0.000000|0|0.000000|0.000000|50.798821|2190012955524166671616043909120.000000|0
0.000000|0.000000|0.000000|0.000000|0|910.170517|-492405804010489892416683769856.000000|-450.588238|-84637128412648813532584249131008.000000|-27672|0.000000|0.000000|0.000000|0.000000|0|0.000000|0.000000|0.000000|0.000000|0|0.000000|0.000000|133.178562|83652333351588551349982199808000.000000|0
0.000000|0.000000|0.000000|0.000000|0|953.089818|-18808029790167407539004830121984.000000|-454.113116|-3232900621433019310155762652676096.000000|-27672|0.000000|0.000000|0.000000|0.000000|0|0.000000|0.000000|0.000000|0.000000|0|0.000000|0.000000|126.982904|3195283958465837882726497669611520.000000|0
0.000000|0.000000|0.000000|0.000000|0|984.052682|-718419470629060066375060103888896.000000|-335.831151|-123487704724198995435141326524383232.000000|-27672|0.000000|0.000000|0.000000|0.000000|0|0.000000|0.000000|0.000000|0.000000|0|0.000000|0.000000|4.441177|122050858690066917640850713018892288.000000|0
0.000000|0.000000|0.000000|0.000000|0|912.620011|-27441478183658970447178543036104704.000000|-318.521439|-4716882987785927950286019301293948928.000000|-27672|0.000000|0.000000|0.000000|0.000000|0|0.000000|0.000000|0.000000|0.000000|0|0.000000|0.000000|62.166427|4661999754008428649492922858188308480.000000|0
0.000000|0.000000|0.000000|0.000000|0|885.582166|-1048211014717654286878819753626959872.000000|-345.465193|-inf|-27672|0.000000|0.000000|0.000000|0.000000|0|0.000000|0.000000|0.000000|0.000000|0|0.000000|0.000000|87.280915|inf|0
0.000000|0.000000|0.000000|0.000000|0|862.479443|-40038290682455322607109347738623410176.000000|-343.883319|-inf|-27672|0.000000|0.000000|0.000000|0.000000|0|0.000000|0.000000|0.000000|0.000000|0|0.000000|0.000000|83.015448|inf|0
0.000000|0.000000|0.000000|0.000000|0|842.059584|nan|-504.232973|-inf|-27672|0.000000|0.000000|0.000000|0.000000|0|0.000000|0.000000|0.000000|0.000000|0|0.000000|0.000000|250.149295|inf|0
0.000000|0.000000|0.000000|0.000000|0|929.616640|nan|-569.766614|-inf|-27672|0.000000|0.000000|0.000000|0.000000|0|0.000000|0.000000|0.000000|0.000000|0|0.000000|0.000000|212.602814|inf|0
0.000000|0.000000|0.000000|0.000000|0|1018.136008|nan|-420.357114|-inf|-27672|0.000000|0.000000|0.000000|0.000000|0|0.000000|0.000000|0.000000|0.000000|0|0.000000|0.000000|21.414077|inf|0
0.000000|0.000000|0.000000|0.000000|0|1006.362506|nan|-269.685953|-inf|-27672|0.000000|0.000000|0.000000|0.000000|0|0.000000|0.000000|0.000000|0.000000|0|0.000000|0.000000|-41.109870|inf|0
0.000000|0.000000|0.000000|0.000000|0|905.705475|nan|-209.679838|-inf|-27672|0.000000|0.000000|0.000000|0.000000|0|0.000000|0.000000|0.000000|0.000000|0|0.000000|0.000000|-4.488268|inf|0
0.000000|0.000000|0.000000|0.000000|0|796.830593|nan|-360.247952|-inf|-27672|0.000000|0.000000|0.000000|0.000000|0|0.000000|0.000000|0.000000|0.000000|0|0.000000|0.000000|187.993753|inf|0
0.000000|0.000000|0.000000|0.000000|0|820.662570|nan|-415.150812|-inf|-27672|0.000000|0.000000|0.000000|0.000000|0|0.000000|0.000000|0.000000|0.000000|0|0.000000|0.000000|148.247496|inf|0
0.000000|0.000000|0.000000|0.000000|0|875.062475|nan|-257.187608|-inf|-27672|0.000000|0.000000|0.000000|0.000000|0|0.000000|0.000000|0.000000|0.000000|0|0.000000|0.000000|-48.227503|inf|0
0.000000|0.000000|0.000000|0.000000|0|811.749815|nan|-160.315199|-inf|-27672|0.000000|0.000000|0.000000|0.000000|0|0.000000|0.000000|0.000000|0.000000|0|0.000000|0.000000|-43.610825|inf|0
0.000000|0.000000|0.000000|0.000000|0|701.283618|nan|-102.631090|-inf|-27672|0.000000|0.000000|0.000000|0.000000|0|0.000000|0.000000|0.000000|0.000000|0|0.000000|0.000000|-32.893603|inf|0
0.000000|0.000000|0.000000|0.000000|0|575.814385|nan|18.443560|-inf|-27672|0.000000|0.000000|0.000000|0.000000|0|0.000000|0.000000|0.000000|0.000000|0|0.000000|0.000000|-104.053023|inf|0
0.000000|0.000000|0.000000|0.000000|0|417.181398|nan|188.616520|-inf|-27672|0.000000|0.000000|0.000000|0.000000|0|0.000000|0.000000|0.000000|0.000000|0|0.000000|0.000000|-197.329263|inf|0
0.000000|0.000000|0.000000|0.000000|0|205.616879|nan|282.125353|-inf|-27672|0.000000|0.000000|0.000000|0.000000|0|0.000000|0.000000|0.000000|0.000000|0|0.000000|0.000000|-186.938768|inf|0
0.000000|0.000000|0.000000|0.000000|0|0.181178|nan|114.084049|-inf|-27672|0.000000|0.000000|0.000000|0.000000|0|0.000000|0.000000|0.000000|0.000000|0|0.000000|0.000000|45.351635|inf|0
0.000000|0.000000|0.000000|0.000000|0|-30.212755|nan|17.173718|-inf|-27672|0.000000|0.000000|0.000000|0.000000|0|0.000000|0.000000|0.000000|0.000000|0|0.000000|0.000000|34.054145|inf|0
0.000000|0.000000|0.000000|0.000000|0|0.640854|nan|-24.622634|-inf|-27672|0.000000|0.000000|0.000000|0.000000|0|0.000000|0.000000|0.000000|0.000000|0|0.000000|0.000000|22.702764|inf|0
0.000000|0.000000|0.000000|0.000000|0|47.164306|nan|0.917342|-inf|-27672|0.000000|0.000000|0.000000|0.000000|0|0.000000|0.000000|0.000000|0.000000|0|0.000000|0.000000|-30.701447|inf|0
0.000000|0.000000|0.000000|0.000000|0|55.545352|nan|-152.718017|-inf|-27672|0.000000|0.000000|0.000000|0.000000|0|0.000000|0.000000|0.000000|0.000000|0|0.000000|0.000000|145.690138|inf|0
0.000000|0.000000|0.000000|0.000000|0|115.809807|nan|-189.389486|-inf|-27672|0.000000|0.000000|0.000000|0.000000|0|0.000000|0.000000|0.000000|0.000000|0|0.000000|0.000000|116.225355|inf|0
0.000000|0.000000|0.000000|0.000000|0|178.258665|nan|-89.151665|-inf|-27672|0.000000|0.000000|0.000000|0.000000|0|0.000000|0.000000|0.000000|0.000000|0|0.000000|0.000000|-10.369960|inf|0
0.000000|0.000000|0.000000|0.000000|0|204.250307|nan|-88.808468|-inf|-27672|0.000000|0.000000|0.000000|0.000000|0|0.000000|0.000000|0.000000|0.000000|0|0.000000|0.000000|14.095146|inf|0
0.000000|0.000000|0.000000|0.000000|0|255.726732|nan|74.637043|-inf|-27672|0.000000|0.000000|0.000000|0.000000|0|0.000000|0.000000|0.000000|0.000000|0|0.000000|0.000000|-175.859607|inf|0
0.000000|0.000000|0.000000|0.000000|0|203.998985|nan|138.349883|-inf|-27672|0.000000|0.000000|0.000000|0.000000|0|0.000000|0.000000|0.000000|0.000000|0|0.000000|0.000000|-151.617212|inf|0
0.000000|0.000000|0.000000|0.000000|0|98.600567|nan|218.139568|-inf|-27672|0.000000|0.000000|0.000000|0.000000|0|0.000000|0.000000|0.000000|0.000000|0|0.000000|0.000000|-162.193643|inf|0
0.000000|0.000000|0.000000|0.000000|0|-45.866635|nan|184.800571|-inf|-27672|0.000000|0.000000|0.000000|0.000000|0|0.000000|0.000000|0.000000|0.000000|0|0.000000|0.000000|-54.653039|inf|0
0.000000|0.000000|0.000000|0.000000|0|-90.866904|nan|69.872352|-inf|-27672|0.000000|0.000000|0.000000|0.000000|0|0.000000|0.000000|0.000000|0.000000|0|0.000000|0.000000|9.401264|inf|0
0.000000|0.000000|0.000000|0.000000|0|-50.243095|nan|-51.359186|-inf|-27672|0.000000|0.000000|0.000000|0.000000|0|0.000000|0.000000|0.000000|0.000000|0|0.000000|0.000000|59.743569|inf|0
0.000000|0.000000|0.000000|0.000000|0|67.881303|nan|-209.668511|-inf|-27672|0.000000|0.000000|0.000000|0.000000|0|0.000000|0.000000|0.000000|0.000000|0|0.000000|0.000000|110.493844|inf|0
0.000000|0.000000|0.000000|0.000000|0|167.083198|nan|-242.089473|-inf|-27672|0.000000|0.000000|0.000000|0.000000|0|0.000000|0.000000|0.000000|0.000000|0|0.000000|0.000000|98.490730|inf|0
0.000000|0.000000|0.000000|0.000000|0|266.290932|nan|-351.194344|-inf|-27672|0.000000|0.000000|0.000000|0.000000|0|0.000000|0.000000|0.000000|0.000000|0|0.000000|0.000000|180.252046|inf|0
0.000000|0.000000|0.000000|0.000000|0|426.384330|nan|-281.722959|-inf|-27672|0.000000|0.000000|0.000000|0.000000|0|0.000000|0.000000|0.000000|0.000000|0|0.000000|0.000000|18.945491|inf|0
0.000000|0.000000|0.000000|0.000000|0|478.688061|nan|-311.217486|-inf|-27672|0.000000|0.000000|0.000000|0.000000|0|0.000000|0.000000|0.000000|0.000000|0|0.000000|0.000000|77.565547|inf|0
0.000000|0.000000|0.000000|0.000000|0|414.415109|nan|-341.312632|-inf|-27672|0.000000|0.000000|0.000000|0.000000|0|0.000000|0.000000|0.000000|0.000000|0|0.000000|0.000000|70.808961|inf|0
0.000000|0.000000|0.000000|0.000000|0|218.276322|nan|-586.054817|-inf|-27672|0.000000|0.000000|0.000000|0.000000|0|0.000000|0.000000|0.000000|0.000000|0|0.000000|0.000000|192.355282|inf|0
0.000000|0.000000|0.000000|0.000000|0|167.725763|nan|-1063.249984|-inf|-27672|0.000000|0.000000|0.000000|0.000000|0|0.000000|0.000000|0.000000|0.000000|0|0.000000|0.000000|405.166482|inf|0
0.000000|0.000000|0.000000|0.000000|0|256.213502|nan|-1792.544406|-inf|-27672|0.000000|0.000000|0.000000|0.000000|0|0.000000|0.000000|0.000000|0.000000|0|0.000000|0.000000|938.561723|inf|0
0.000000|0.000000|0.000000|0.000000|0|1044.901549|nan|-2174.061496|-inf|-27672|0.000000|0.000000|0.000000|0.000000|0|0.000000|0.000000|0.000000|0.000000|0|0.000000|0.000000|885.448734|inf|0
0.000000|0.000000|0.000000|0.000000|0|1989.252766|nan|-2116.067860|-inf|-27672|0.000000|0.000000|0.000000|0.000000|0|0.000000|0.000000|0.000000|0.000000|0|0.000000|0.000000|588.389336|inf|0
0.000000|0.000000|0.000000|0.000000|0|2573.781001|nan|-2016.875785|-inf|-27672|0.000000|0.000000|0.000000|0.000000|0|0.000000|0.000000|0.000000|0.000000|0|0.000000|0.000000|518.310259|inf|0
0.000000|0.000000|0.000000|0.000000|0|2837.091975|nan|-1932.676292|-inf|-27672|0.000000|0.000000|0.000000|0.000000|0|0.000000|0.000000|0.000000|0.000000|0|0.000000|0.000000|505.968407|inf|0
0.000000|0.000000|0.000000|0.000000|0|2900.626814|nan|-1797.650419|-inf|-27672|0.000000|0.000000|0.000000|0.000000|0|0.000000|0.000000|0.000000|0.000000|0|0.000000|0.000000|396.517910|inf|0
0.000000|0.000000|0.000000|0.000000|0|2911.477327|nan|-1789.365037|-inf|-27672|0.000000|0.000000|0.000000|0.000000|0|0.000000|0.000000|0.000000|0.000000|0|0.000000|0.000000|491.618545|inf|0
0.000000|0.000000|0.000000|0.000000|0|2983.308118|nan|-1616.148661|-inf|-27672|0.000000|0.000000|0.000000|0.000000|0|0.000000|0.000000|0.000000|0.000000|0|0.000000|0.000000|381.221745|inf|0
0.000000|0.000000|0.000000|0.000000|0|3003.269629|nan|-1385.056306|-inf|-27672|0.000000|0.000000|0.000000|0.000000|0|0.000000|0.000000|0.000000|0.000000|0|0.000000|0.000000|288.525336|inf|0
0.000000|0.000000|0.000000|0.000000|0|2938.910106|nan|-1302.887360|-inf|-27672|0.000000|0.000000|0.000000|0.000000|0|0.000000|0.000000|0.000000|0.000000|0|0.000000|0.000000|347.048816|inf|0
0.000000|0.000000|0.000000|0.000000|0|2855.751648|nan|-1082.768768|-inf|-27672|0.000000|0.000000|0.000000|0.000000|0|0.000000|0.000000|0.000000|0.000000|0|0.000000|0.000000|191.258858|inf|0
0.000000|0.000000|0.000000|0.000000|0|2674.575194|nan|-874.179974|-inf|-27672|0.000000|0.000000|0.000000|0.000000|0|0.000000|0.000000|0.000000|0.000000|0|0.000000|0.000000|121.776330|inf|0
0.000000|0.000000|0.000000|0.000000|0|2416.641761|nan|-562.748371|-inf|-27672|0.000000|0.000000|0.000000|0.000000|0|0.000000|0.000000|0.000000|0.000000|0|0.000000|0.000000|-48.686215|inf|0
0.000000|0.000000|0.000000|0.000000|0|2025.605682|nan|-367.536285|-inf|-27672|0.000000|0.000000|0.000000|0.000000|0|0.000000|0.000000|0.000000|0.000000|0|0.000000|0.000000|-24.818039|inf|0
0.000000|0.000000|0.000000|0.000000|0|1655.782283|nan|-104.337984|-inf|-27672|0.000000|0.000000|0.000000|0.000000|0|0.000000|0.000000|0.000000|0.000000|0|0.000000|0.000000|-178.883414|inf|0
0.000000|0.000000|0.000000|0.000000|0|1262.415532|nan|-114.550945|-inf|-27672|0.000000|0.000000|0.000000|0.000000|0|0.000000|0.000000|0.000000|0.000000|0|0.000000|0.000000|-19.942920|inf|0
0.000000|0.000000|0.000000|0.000000|0|963.578580|nan|-191.032598|-inf|-27672|0.000000|0.000000|0.000000|0.000000|0|0.000000|0.000000|0.000000|0.000000|0|0.000000|0.000000|87.927268|inf|0
0.000000|0.000000|0.000000|0.000000|0|788.288061|nan|-206.981703|-inf|-27672|0.000000|0.000000|0.000000|0.000000|0|0.000000|0.000000|0.000000|0.000000|0|0.000000|0.000000|71.987197|inf|0
0.000000|0.000000|0.000000|0.000000|0|700.949066|nan|-256.644048|-inf|-27672|0.000000|0.000000|0.000000|0.000000|0|0.000000|0.000000|0.000000|0.000000|0|0.000000|0.000000|91.918235|inf|0
0.000000|0.000000|0.000000|0.000000|0|666.281964|nan|-274.391748|-inf|-27672|0.000000|0.000000|0.000000|0.000000|0|0.000000|0.000000|0.000000|0.000000|0|0.000000|0.000000|84.197132|inf|0
0.000000|0.000000|0.000000|0.000000|0|615.105296|nan|-11.785997|-inf|-27672|0.000000|0.000000|0.000000|0.000000|0|0.000000|0.000000|0.000000|0.000000|0|0.000000|0.000000|-150.133391|inf|0
0.000000|0.000000|0.000000|0.000000|0|398.067650|nan|176.265401|-inf|-27672|0.000000|0.000000|0.000000|0.000000|0|0.000000|0.000000|0.000000|0.000000|0|0.000000|0.000000|-166.934010|inf|0
0.000000|0.000000|0.000000|0.000000|0|159.879261|nan|188.692562|-inf|-27672|0.000000|0.000000|0.000000|0.000000|0|0.000000|0.000000|0.000000|0.000000|0|0.000000|0.000000|-103.649900|inf|0
0.000000|0.000000|0.000000|0.000000|0|-26.296372|nan|154.787935|-inf|-27672|0.000000|0.000000|0.000000|0.000000|0|0.000000|0.000000|0.000000|0.000000|0|0.000000|0.000000|-65.280216|inf|0
0.000000|0.000000|0.000000|0.000000|0|-139.713599|nan|192.548708|-inf|-27672|0.000000|0.000000|0.000000|0.000000|0|0.000000|0.000000|0.000000|0.000000|0|0.000000|0.000000|-150.472266|inf|0
0.000000|0.000000|0.000000|0.000000|0|-213.982908|nan|51.063738|-inf|-27672|0.000000|0.000000|0.000000|0.000000|0|0.000000|0.000000|0.000000|0.000000|0|0.000000|0.000000|4.727420|inf|0
0.000000|0.000000|0.000000|0.000000|0|-161.970317|nan|-49.323214|-inf|-27672|0.000000|0.000000|0.000000|0.000000|0|0.000000|0.000000|0.000000|0.000000|0|0.000000|0.000000|47.078380|inf|0
0.000000|0.000000|0.000000|0.000000|0|-43.653362|nan|-89.095897|-inf|-27672|0.000000|0.000000|0.000000|0.000000|0|0.000000|0.000000|0.000000|0.000000|0|0.000000|0.000000|19.926432|inf|0
0.000000|0.000000|0.000000|0.000000|0|60.091487|nan|-267.487198|-inf|-27672|0.000000|0.000000|0.000000|0.000000|0|0.000000|0.000000|0.000000|0.000000|0|0.000000|0.000000|169.892753|inf|0
0.000000|0.000000|0.000000|0.000000|0|271.310433|nan|-324.054249|-inf|-27672|0.000000|0.000000|0.000000|0.000000|0|0.000000|0.000000|0.000000|0.000000|0|0.000000|0.000000|101.802686|inf|0
0.000000|0.000000|0.000000|0.000000|0|550.585529|nan|-658.237101|-inf|-27672|0.000000|0.000000|0.000000|0.000000|0|0.000000|0.000000|0.000000|0.000000|0|0.000000|0.000000|308.510744|inf|0
0.000000|0.000000|0.000000|0.000000|0|940.720573|nan|-718.983077|-inf|-27672|0.000000|0.000000|0.000000|0.000000|0|0.000000|0.000000|0.000000|0.000000|0|0.000000|0.000000|165.566797|inf|0
0.000000|0.000000|0.000000|0.000000|0|1247.247320|nan|-564.871784|-inf|-27672|0.000000|0.000000|0.000000|0.000000|0|0.000000|0.000000|0.000000|0.000000|0|0.000000|0.000000|-36.681309|inf|0
0.000000|0.000000|0.000000|0.000000|0|1283.712453|nan|-524.014347|-inf|-27672|0.000000|0.000000|0.000000|0.000000|0|0.000000|0.000000|0.000000|0.000000|0|0.000000|0.000000|90.137359|inf|0
0.000000|0.000000|0.000000|0.000000|0|1277.174433|nan|-291.023206|-inf|-27672|0.000000|0.000000|0.000000|0.000000|0|0.000000|0.000000|0.000000|0.000000|0|0.000000|0.000000|-111.795769|inf|0
0.000000|0.000000|0.000000|0.000000|0|1122.746501|nan|-216.887796|-inf|-27672|0.000000|0.000000|0.000000|0.000000|0|0.000000|0.000000|0.000000|0.000000|0|0.000000|0.000000|-38.243190|inf|0
0.000000|0.000000|0.000000|0.000000|0|1014.297639|nan|-212.679516|-inf|-27672|0.000000|0.000000|0.000000|0.000000|0|0.000000|0.000000|0.000000|0.000000|0|0.000000|0.000000|-36.954616|inf|0
0.000000|0.000000|0.000000|0.000000|0|914.626389|nan|-73.223164|-inf|-27672|0.000000|0.000000|0.000000|0.000000|0|0.000000|0.000000|0.000000|0.000000|0|0.000000|0.000000|-150.687131|inf|0
0.000000|0.000000|0.000000|0.000000|0|699.821925|nan|-166.081330|-inf|-27672|0.000000|0.000000|0.000000|0.000000|0|0.000000|0.000000|0.000000|0.000000|0|0.000000|0.000000|90.527845|inf|0
0.000000|0.000000|0.000000|0.000000|0|599.425853|nan|-58.391082|-inf|-27672|0.000000|0.000000|0.000000|0.000000|0|0.000000|0.000000|0.000000|0.000000|0|0.000000|0.000000|-56.149522|inf|0
0.000000|0.000000|0.000000|0.000000|0|483.829822|nan|76.809862|-inf|-27672|0.000000|0.000000|0.000000|0.000000|0|0.000000|0.000000|0.000000|0.000000|0|0.000000|0.000000|-144.385143|inf|0
0.000000|0.000000|0.000000|0.000000|0|339.550194|nan|143.643631|-inf|-27672|0.000000|0.000000|0.000000|0.000000|0|0.000000|0.000000|0.000000|0.000000|0|0.000000|0.000000|-142.093395|inf|0
0.000000|0.000000|0.000000|0.000000|0|196.688174|nan|129.375862|-inf|-27672|0.000000|0.000000|0.000000|0.000000|0|0.000000|0.000000|0.000000|0.000000|0|0.000000|0.000000|-83.269781|inf|0
0.000000|0.000000|0.000000|0.000000|0|120.246358|nan|206.698985|-inf|-27672|0.000000|0.000000|0.000000|0.000000|0|0.000000|0.000000|0.000000|0.000000|0|0.000000|0.000000|-181.563909|inf|0
0.000000|0.000000|0.000000|0.000000|0|21.556111|nan|182.447557|-inf|-27672|0.000000|0.000000|0.000000|0.000000|0|0.000000|0.000000|0.000000|0.000000|0|0.000000|0.000000|-111.493312|inf|0
0.000000|0.000000|0.000000|0.000000|0|-46.906762|nan|24.073251|-inf|-27672|0.000000|0.000000|0.000000|0.000000|0|0.000000|0.000000|0.000000|0.000000|0|0.000000|0.000000|49.811981|inf|0
0.000000|0.000000|0.000000|0.000000|0|-36.883760|nan|-305.547921|-inf|-27672|0.000000|0.000000|0.000000|0.000000|0|0.000000|0.000000|0.000000|0.000000|0|0.000000|0.000000|319.686891|inf|0
0.000000|0.000000|0.000000|0.000000|0|187.897448|nan|-315.600658|-inf|-27672|0.000000|0.000000|0.000000|0.000000|0|0.000000|0.000000|0.000000|0.000000|0|0.000000|0.000000|117.631638|inf|0
0.000000|0.000000|0.000000|0.000000|0|334.904159|nan|-351.846933|-inf|-27672|0.000000|0.000000|0.000000|0.000000|0|0.000000|0.000000|0.000000|0.000000|0|0.000000|0.000000|154.815474|inf|0
0.000000|0.000000|0.000000|0.000000|0|461.102372|nan|-460.005928|-inf|-27672|0.000000|0.000000|0.000000|0.000000|0|0.000000|0.000000|0.000000|0.000000|0|0.000000|0.000000|234.990603|inf|0
0.000000|0.000000|0.000000|0.000000|0|643.868588|nan|-413.674665|-inf|-27672|0.000000|0.000000|0.000000|0.000000|0|0.000000|0.000000|0.000000|0.000000|0|0.000000|0.000000|89.815339|inf|0
0.000000|0.000000|0.000000|0.000000|0|736.473646|nan|-482.719196|-inf|-27672|0.000000|0.000000|0.000000|0.000000|0|0.000000|0.000000|0.000000|0.000000|0|0.000000|0.000000|185.927614|inf|0
0.000000|0.000000|0.000000|0.000000|0|838.771962|nan|-610.012454|-inf|-27672|0.000000|0.000000|0.000000|0.000000|0|0.000000|0.000000|0.000000|0.000000|0|0.000000|0.000000|274.830629|inf|0
0.000000|0.000000|0.000000|0.000000|0|951.725966|nan|-635.732025|-inf|-27672|0.000000|0.000000|0.000000|0.000000|0|0.000000|0.000000|0.000000|0.000000|0|0.000000|0.000000|257.704958|inf|0
0.000000|0.000000|0.000000|0.000000|0|1042.265234|nan|-714.035985|-inf|-27672|0.000000|0.000000|0.000000|0.000000|0|0.000000|0.000000|0.000000|0.000000|0|0.000000|0.000000|318.862460|inf|0
0.000000|0.000000|0.000000|0.000000|0|1160.556912|nan|-551.089106|-inf|-27672|0.000000|0.000000|0.000000|0.000000|0|0.000000|0.000000|0.000000|0.000000|0|0.000000|0.000000|99.893283|inf|0
0.000000|0.000000|0.000000|0.000000|0|1140.336153|nan|-552.399569|-inf|-27672|0.000000|0.000000|0.000000|0.000000|0|0.000000|0.000000|0.000000|0.000000|0|0.000000|0.000000|198.375815|inf|0
0.000000|0.000000|0.000000|0.000000|0|1152.557511|nan|-447.040862|-inf|-27672|0.000000|0.000000|0.000000|0.000000|0|0.000000|0.000000|0.000000|0.000000|0|0.000000|0.000000|67.315333|inf|0
0.000000|0.000000|0.000000|0.000000|0|1088.556009|nan|-360.092877|-inf|-27672|0.000000|0.000000|0.000000|0.000000|0|0.000000|0.000000|0.000000|0.000000|0|0.000000|0.000000|50.606468|inf|0
0.000000|0.000000|0.000000|0.000000|0|1014.064424|nan|-313.906606|-inf|-27672|0.000000|0.000000|0.000000|0.000000|0|0.000000|0.000000|0.000000|0.000000|0|0.000000|0.000000|43.286944|inf|0
0.000000|0.000000|0.000000|0.000000|0|916.758739|nan|-324.072686|-inf|-27672|0.000000|0.000000|0.000000|0.000000|0|0.000000|0.000000|0.000000|0.000000|0|0.000000|0.000000|97.612901|inf|0
0.000000|0.000000|0.000000|0.000000|0|866.566725|nan|-344.149095|-inf|-27672|0.000000|0.000000|0.000000|0.000000|0|0.000000|0.000000|0.000000|0.000000|0|0.000000|0.000000|103.272451|inf|0
0.000000|0.000000|0.000000|0.000000|0|846.227998|nan|-422.421893|-inf|-27672|0.000000|0.000000|0.000000|0.000000|0|0.000000|0.000000|0.000000|0.000000|0|0.000000|0.000000|164.341273|inf|0
0.000000|0.000000|0.000000|0.000000|0|864.104020|nan|-310.961385|-inf|-27672|0.000000|0.000000|0.000000|0.000000|0|0.000000|0.000000|0.000000|0.000000|0|0.000000|0.000000|12.158027|inf|0
0.000000|0.000000|0.000000|0.000000|0|795.984694|nan|-310.905917|-inf|-27672|0.000000|0.000000|0.000000|0.000000|0|0.000000|0.000000|0.000000|0.000000|0|0.000000|0.000000|82.589865|inf|0
0.000000|0.000000|0.000000|0.000000|0|743.105154|nan|-432.308034|-inf|-27672|0.000000|0.000000|0.000000|0.000000|0|0.000000|0.000000|0.000000|0.000000|0|0.000000|0.000000|219.307818|inf|0
0.000000|0.000000|0.000000|0.000000|0|782.585915|nan|-547.092242|-inf|-27672|0.000000|0.000000|0.000000|0.000000|0|0.000000|0.000000|0.000000|0.000000|0|0.000000|0.000000|266.526362|inf|0
0.000000|0.000000|0.000000|0.000000|0|879.699728|nan|-706.660304|-inf|-27672|0.000000|0.000000|0.000000|0.000000|0|0.000000|0.000000|0.000000|0.000000|0|0.000000|0.000000|357.211030|inf|0
0.000000|0.000000|0.000000|0.000000|0|1056.812136|nan|-556.458836|-inf|-27672|0.000000|0.000000|0.000000|0.000000|0|0.000000|0.000000|0.000000|0.000000|0|0.000000|0.000000|100.630813|inf|0
0.000000|0.000000|0.000000|0.000000|0|1105.310486|nan|-506.814695|-inf|-27672|0.000000|0.000000|0.000000|0.000000|0|0.000000|0.000000|0.000000|0.000000|0|0.000000|0.000000|126.292847|inf|0
0.000000|0.000000|0.000000|0.000000|0|1134.842587|nan|-567.220990|-inf|-27672|0.000000|0.000000|0.000000|0.000000|0|0.000000|0.000000|0.000000|0.000000|0|0.000000|0.000000|189.237500|inf|0
0.000000|0.000000|0.000000|0.000000|0|1198.621522|nan|-764.046540|-inf|-27672|0.000000|0.000000|0.000000|0.000000|0|0.000000|0.000000|0.000000|0.000000|0|0.000000|0.000000|341.972449|inf|0
0.000000|0.000000|0.000000|0.000000|0|1380.258655|nan|-1067.751707|-inf|-27672|0.000000|0.000000|0.000000|0.000000|0|0.000000|0.000000|0.000000|0.000000|0|0.000000|0.000000|508.730965|inf|0
0.000000|0.000000|0.000000|0.000000|0|1677.082313|nan|-907.748999|-inf|-27672|0.000000|0.000000|0.000000|0.000000|0|0.000000|0.000000|0.000000|0.000000|0|0.000000|0.000000|172.996216|inf|0
0.000000|0.000000|0.000000|0.000000|0|1739.648234|nan|-844.637692|-inf|-27672|0.000000|0.000000|0.000000|0.000000|0|0.000000|0.000000|0.000000|0.000000|0|0.000000|0.000000|241.381532|inf|0
0.000000|0.000000|0.000000|0.000000|0|1739.284541|nan|-731.652292|-inf|-27672|0.000000|0.000000|0.000000|0.000000|0|0.000000|0.000000|0.000000|0.000000|0|0.000000|0.000000|170.470312|inf|0
0.000000|0.000000|0.000000|0.000000|0|1671.358174|nan|-696.908022|-inf|-27672|0.000000|0.000000|0.000000|0.000000|0|0.000000|0.000000|0.000000|0.000000|0|0.000000|0.000000|203.410275|inf|0
0.000000|0.000000|0.000000|0.000000|0|1608.640713|nan|-926.798090|-inf|-27672|0.000000|0.000000|0.000000|0.000000|0|0.000000|0.000000|0.000000|0.000000|0|0.000000|0.000000|450.733638|inf|0
0.000000|0.000000|0.000000|0.000000|0|1725.818696|nan|-876.337658|-inf|-27672|0.000000|0.000000|0.000000|0.000000|0|0.000000|0.000000|0.000000|0.000000|0|0.000000|0.000000|241.283459|inf|0
0.000000|0.000000|0.000000|0.000000|0|1758.837751|nan|-943.706127|-inf|-27672|0.000000|0.000000|0.000000|0.000000|0|0.000000|0.000000|0.000000|0.000000|0|0.000000|0.000000|351.841571|inf|0
0.000000|0.000000|0.000000|0.000000|0|1823.591276|nan|-1024.126622|-inf|-27672|0.000000|0.000000|0.000000|0.000000|0|0.000000|0.000000|0.000000|0.000000|0|0.000000|0.000000|389.259652|inf|0
0.000000|0.000000|0.000000|0.000000|0|1920.635848|nan|-1108.415328|-inf|-27672|0.000000|0.000000|0.000000|0.000000|0|0.000000|0.000000|0.000000|0.000000|0|0.000000|0.000000|419.934630|inf|0
0.000000|0.000000|0.000000|0.000000|0|2033.885158|nan|-890.939502|-inf|-27672|0.000000|0.000000|0.000000|0.000000|0|0.000000|0.000000|0.000000|0.000000|0|0.000000|0.000000|153.905715|inf|0
0.000000|0.000000|0.000000|0.000000|0|1958.409812|nan|-738.580428|-inf|-27672|0.000000|0.000000|0.000000|0.000000|0|0.000000|0.000000|0.000000|0.000000|0|0.000000|0.000000|152.260165|inf|0
0.000000|0.000000|0.000000|0.000000|0|1812.511046|nan|-553.786657|-inf|-27672|0.000000|0.000000|0.000000|0.000000|0|0.000000|0.000000|0.000000|0.000000|0|0.000000|0.000000|67.129304|inf|0
0.000000|0.000000|0.000000|0.000000|0|1620.697167|nan|-308.901696|-inf|-27672|0.000000|0.000000|0.000000|0.000000|0|0.000000|0.000000|0.000000|0.000000|0|0.000000|0.000000|-81.297849|inf|0
0.000000|0.000000|0.000000|0.000000|0|1335.504253|nan|-123.088018|-inf|-27672|0.000000|0.000000|0.000000|0.000000|0|0.000000|0.000000|0.000000|0.000000|0|0.000000|0.000000|-111.494352|inf|0
0.000000|0.000000|0.000000|0.000000|0|1017.470246|nan|-139.509401|-inf|-27672|0.000000|0.000000|0.000000|0.000000|0|0.000000|0.000000|0.000000|0.000000|0|0.000000|0.000000|30.712698|inf|0
0.000000|0.000000|0.000000|0.000000|0|818.043430|nan|-61.915207|-inf|-27672|0.000000|0.000000|0.000000|0.000000|0|0.000000|0.000000|0.000000|0.000000|0|0.000000|0.000000|-59.738959|inf|0
0.000000|0.000000|0.000000|0.000000|0|621.903535|nan|19.557618|-inf|-27672|0.000000|0.000000|0.000000|0.000000|0|0.000000|0.000000|0.000000|0.000000|0|0.000000|0.000000|-81.842875|inf|0
0.000000|0.000000|0.000000|0.000000|0|416.081534|nan|-62.270105|-inf|-27672|0.000000|0.000000|0.000000|0.000000|0|0.000000|0.000000|0.000000|0.000000|0|0.000000|0.000000|60.029643|inf|0
0.000000|0.000000|0.000000|0.000000|0|317.543176|nan|-333.634611|-inf|-27672|0.000000|0.000000|0.000000|0.000000|0|0.000000|0.000000|0.000000|0.000000|0|0.000000|0.000000|267.293033|inf|0
0.000000|0.000000|0.000000|0.000000|0|449.505316|nan|-593.514272|-inf|-27672|0.000000|0.000000|0.000000|0.000000|0|0.000000|0.000000|0.000000|0.000000|0|0.000000|0.000000|273.688334|inf|0
0.000000|0.000000|0.000000|0.000000|0|698.614741|nan|-1005.943558|-inf|-27672|0.000000|0.000000|0.000000|0.000000|0|0.000000|0.000000|0.000000|0.000000|0|0.000000|0.000000|489.946253|inf|0
0.000000|0.000000|0.000000|0.000000|0|1118.422196|nan|-1226.442940|-inf|-27672|0.000000|0.000000|0.000000|0.000000|0|0.000000|0.000000|0.000000|0.000000|0|0.000000|0.000000|477.509708|inf|0
0.000000|0.000000|0.000000|0.000000|0|1539.773872|nan|-1397.619133|-inf|-27672|0.000000|0.000000|0.000000|0.000000|0|0.000000|0.000000|0.000000|0.000000|0|0.000000|0.000000|515.055315|inf|0
0.000000|0.000000|0.000000|0.000000|0|1930.501278|nan|-1615.071412|-inf|-27672|0.000000|0.000000|0.000000|0.000000|0|0.000000|0.000000|0.000000|0.000000|0|0.000000|0.000000|608.840668|inf|0
0.000000|0.000000|0.000000|0.000000|0|2338.125685|nan|-1696.512271|-inf|-27672|0.000000|0.000000|0.000000|0.000000|0|0.000000|0.000000|0.000000|0.000000|0|0.000000|0.000000|547.223381|inf|0
0.000000|0.000000|0.000000|0.000000|0|2656.911793|nan|-1700.178741|-inf|-27672|0.000000|0.000000|0.000000|0.000000|0|0.000000|0.000000|0.000000|0.000000|0|0.000000|0.000000|521.424077|inf|0
0.000000|0.000000|0.000000|0.000000|0|2877.753576|nan|-1859.220690|-inf|-27672|0.000000|0.000000|0.000000|0.000000|0|0.000000|0.000000|0.000000|0.000000|0|0.000000|0.000000|702.849910|inf|0
0.000000|0.000000|0.000000|0.000000|0|3169.206376|nan|-1757.703461|-inf|-27672|0.000000|0.000000|0.000000|0.000000|0|0.000000|0.000000|0.000000|0.000000|0|0.000000|0.000000|489.575059|inf|0
0.000000|0.000000|0.000000|0.000000|0|3320.132511|nan|-1536.382970|-inf|-27672|0.000000|0.000000|0.000000|0.000000|0|0.000000|0.000000|0.000000|0.000000|0|0.000000|0.000000|335.932683|inf|0
0.000000|0.000000|0.000000|0.000000|0|3278.932830|nan|-1393.359718|-inf|-27672|0.000000|0.000000|0.000000|0.000000|0|0.000000|0.000000|0.000000|0.000000|0|0.000000|0.000000|342.366412|inf|0
0.000000|0.000000|0.000000|0.000000|0|3156.117747|nan|-1134.232545|-inf|-27672|0.000000|0.000000|0.000000|0.000000|0|0.000000|0.000000|0.000000|0.000000|0|0.000000|0.000000|182.407671|inf|0
0.000000|0.000000|0.000000|0.000000|0|2924.407423|nan|-1068.746114|-inf|-27672|0.000000|0.000000|0.000000|0.000000|0|0.000000|0.000000|0.000000|0.000000|0|0.000000|0.000000|268.664288|inf|0
0.000000|0.000000|0.000000|0.000000|0|2749.404440|nan|-1099.781639|-inf|-27672|0.000000|0.000000|0.000000|0.000000|0|0.000000|0.000000|0.000000|0.000000|0|0.000000|0.000000|324.258827|inf|0
0.000000|0.000000|0.000000|0.000000|0|2641.757258|nan|-926.442012|-inf|-27672|0.000000|0.000000|0.000000|0.000000|0|0.000000|0.000000|0.000000|0.000000|0|0.000000|0.000000|139.778178|inf|0
0.000000|0.000000|0.000000|0.000000|0|2431.514200|nan|-691.714893|-inf|-27672|0.000000|0.000000|0.000000|0.000000|0|0.000000|0.000000|0.000000|0.000000|0|0.000000|0.000000|41.619256|inf|0
0.000000|0.000000|0.000000|0.000000|0|2104.519645|nan|-603.480962|-inf|-27672|0.000000|0.000000|0.000000|0.000000|0|0.000000|0.000000|0.000000|0.000000|0|0.000000|0.000000|138.518014|inf|0
0.000000|0.000000|0.000000|0.000000|0|1800.752853|nan|-687.561788|-inf|-27672|0.000000|0.000000|0.000000|0.000000|0|0.000000|0.000000|0.000000|0.000000|0|0.000000|0.000000|308.159446|inf|0
0.000000|0.000000|0.000000|0.000000|0|1648.565912|nan|-791.774782|-inf|-27672|0.000000|0.000000|0.000000|0.000000|0|0.000000|0.000000|0.000000|0.000000|0|0.000000|0.000000|360.138261|inf|0
0.000000|0.000000|0.000000|0.000000|0|1614.883193|nan|-773.671606|-inf|-27672|0.000000|0.000000|0.000000|0.000000|0|0.000000|0.000000|0.000000|0.000000|0|0.000000|0.000000|274.469655|inf|0
0.000000|0.000000|0.000000|0.000000|0|1583.969210|nan|-729.318668|-inf|-27672|0.000000|0.000000|0.000000|0.000000|0|0.000000|0.000000|0.000000|0.000000|0|0.000000|0.000000|238.365709|inf|0
0.000000|0.000000|0.000000|0.000000|0|1541.430700|nan|-717.697559|-inf|-27672|0.000000|0.000000|0.000000|0.000000|0|0.000000|0.000000|0.000000|0.000000|0|0.000000|0.000000|252.493605|inf|0
0.000000|0.000000|0.000000|0.000000|0|1505.324132|nan|-448.168779|-inf|-27672|0.000000|0.000000|0.000000|0.000000|0|0.000000|0.000000|0.000000|0.000000|0|0.000000|0.000000|-9.287852|inf|0
0.000000|0.000000|0.000000|0.000000|0|1311.116712|nan|-223.832330|-inf|-27672|0.000000|0.000000|0.000000|0.000000|0|0.000000|0.000000|0.000000|0.000000|0|0.000000|0.000000|-65.397547|inf|0
0.000000|0.000000|0.000000|0.000000|0|1055.005634|nan|-159.099262|-inf|-27672|0.000000|0.000000|0.000000|0.000000|0|0.000000|0.000000|0.000000|0.000000|0|0.000000|0.000000|-5.401177|inf|0
0.000000|0.000000|0.000000|0.000000|0|860.208221|nan|-262.893580|-inf|-27672|0.000000|0.000000|0.000000|0.000000|0|0.000000|0.000000|0.000000|0.000000|0|0.000000|0.000000|118.630213|inf|0
0.000000|0.000000|0.000000|0.000000|0|801.449273|nan|-447.245012|-inf|-27672|0.000000|0.000000|0.000000|0.000000|0|0.000000|0.000000|0.000000|0.000000|0|0.000000|0.000000|228.055842|inf|0
0.000000|0.000000|0.000000|0.000000|0|858.177985|nan|-591.530120|-inf|-27672|0.000000|0.000000|0.000000|0.000000|0|0.000000|0.000000|0.000000|0.000000|0|0.000000|0.000000|272.358365|inf|0
0.000000|0.000000|0.000000|0.000000|0|983.109487|nan|-734.444032|-inf|-27672|0.000000|0.000000|0.000000|0.000000|0|0.000000|0.000000|0.000000|0.000000|0|0.000000|0.000000|322.901833|inf|0
0.000000|0.000000|0.000000|0.000000|0|1167.402596|nan|-733.545133|-inf|-27672|0.000000|0.000000|0.000000|0.000000|0|0.000000|0.000000|0.000000|0.000000|0|0.000000|0.000000|228.636917|inf|0
0.000000|0.000000|0.000000|0.000000|0|1289.455553|nan|-643.364585|-inf|-27672|0.000000|0.000000|0.000000|0.000000|0|0.000000|0.000000|0.000000|0.000000|0|0.000000|0.000000|140.965458|inf|0
0.000000|0.000000|0.000000|0.000000|0|1310.703903|nan|-557.264209|-inf|-27672|0.000000|0.000000|0.000000|0.000000|0|0.000000|0.000000|0.000000|0.000000|0|0.000000|0.000000|113.075575|inf|0
0.000000|0.000000|0.000000|0.000000|0|1273.408647|nan|-731.462208|-inf|-27672|0.000000|0.000000|0.000000|0.000000|0|0.000000|0.000000|0.000000|0.000000|0|0.000000|0.000000|346.583746|inf|0
0.000000|0.000000|0.000000|0.000000|0|1358.737767|nan|-974.618477|-inf|-27672|0.000000|0.000000|0.000000|0.000000|0|0.000000|0.000000|0.000000|0.000000|0|0.000000|0.000000|481.247440|inf|0
0.000000|0.000000|0.000000|0.000000|0|1571.998552|nan|-968.667497|-inf|-27672|0.000000|0.000000|0.000000|0.000000|0|0.000000|0.000000|0.000000|0.000000|0|0.000000|0.000000|320.831633|inf|0
0.000000|0.000000|0.000000|0.000000|0|1714.024599|nan|-861.575959|-inf|-27672|0.000000|0.000000|0.000000|0.000000|0|0.000000|0.000000|0.000000|0.000000|0|0.000000|0.000000|213.887749|inf|0
0.000000|0.000000|0.000000|0.000000|0|1739.224236|nan|-724.615281|-inf|-27672|0.000000|0.000000|0.000000|0.000000|0|0.000000|0.000000|0.000000|0.000000|0|0.000000|0.000000|148.321420|inf|0
0.000000|0.000000|0.000000|0.000000|0|1638.360568|nan|-740.476222|-inf|-27672|0.000000|0.000000|0.000000|0.000000|0|0.000000|0.000000|0.000000|0.000000|0|0.000000|0.000000|280.317608|inf|0
0.000000|0.000000|0.000000|0.000000|0|1581.520027|nan|-873.424998|-inf|-27672|0.000000|0.000000|0.000000|0.000000|0|0.000000|0.000000|0.000000|0.000000|0|0.000000|0.000000|402.692508|inf|0
0.000000|0.000000|0.000000|0.000000|0|1635.868798|nan|-802.998547|-inf|-27672|0.000000|0.000000|0.000000|0.000000|0|0.000000|0.000000|0.000000|0.000000|0|0.000000|0.000000|237.903923|inf|0
0.000000|0.000000|0.000000|0.000000|0|1632.999813|nan|-501.039228|-inf|-27672|0.000000|0.000000|0.000000|0.000000|0|0.000000|0.000000|0.000000|0.000000|0|0.000000|0.000000|-28.563594|inf|0
0.000000|0.000000|0.000000|0.000000|0|1435.300464|nan|-234.769666|-inf|-27672|0.000000|0.000000|0.000000|0.000000|0|0.000000|0.000000|0.000000|0.000000|0|0.000000|0.000000|-101.166348|inf|0
0.000000|0.000000|0.000000|0.000000|0|1129.807525|nan|-211.299888|-inf|-27672|0.000000|0.000000|0.000000|0.000000|0|0.000000|0.000000|0.000000|0.000000|0|0.000000|0.000000|47.147325|inf|0
0.000000|0.000000|0.000000|0.000000|0|902.859648|nan|-137.920668|-inf|-27672|0.000000|0.000000|0.000000|0.000000|0|0.000000|0.000000|0.000000|0.000000|0|0.000000|0.000000|-10.585354|inf|0
0.000000|0.000000|0.000000|0.000000|0|696.315388|nan|-214.760653|-inf|-27672|0.000000|0.000000|0.000000|0.000000|0|0.000000|0.000000|0.000000|0.000000|0|0.000000|0.000000|103.714945|inf|0
0.000000|0.000000|0.000000|0.000000|0|612.352374|nan|-328.818464|-inf|-27672|0.000000|0.000000|0.000000|0.000000|0|0.000000|0.000000|0.000000|0.000000|0|0.000000|0.000000|118.799636|inf|0
0.000000|0.000000|0.000000|0.000000|0|627.211446|nan|-378.626190|-inf|-27672|0.000000|0.000000|0.000000|0.000000|0|0.000000|0.000000|0.000000|0.000000|0|0.000000|0.000000|125.036384|inf|0
0.000000|0.000000|0.000000|0.000000|0|666.359366|nan|-671.910283|-inf|-27672|0.000000|0.000000|0.000000|0.000000|0|0.000000|0.000000|0.000000|0.000000|0|0.000000|0.000000|419.492836|inf|0
0.000000|0.000000|0.000000|0.000000|0|906.907297|nan|-840.283856|-inf|-27672|0.000000|0.000000|0.000000|0.000000|0|0.000000|0.000000|0.000000|0.000000|0|0.000000|0.000000|388.523871|inf|0
0.000000|0.000000|0.000000|0.000000|0|1196.500285|nan|-840.213604|-inf|-27672|0.000000|0.000000|0.000000|0.000000|0|0.000000|0.000000|0.000000|0.000000|0|0.000000|0.000000|266.655365|inf|0
0.000000|0.000000|0.000000|0.000000|0|1397.155034|nan|-911.709844|-inf|-27672|0.000000|0.000000|0.000000|0.000000|0|0.000000|0.000000|0.000000|0.000000|0|0.000000|0.000000|334.378707|inf|0
0.000000|0.000000|0.000000|0.000000|0|1574.769309|nan|-907.120073|-inf|-27672|0.000000|0.000000|0.000000|0.000000|0|0.000000|0.000000|0.000000|0.000000|0|0.000000|0.000000|285.944508|inf|0
0.000000|0.000000|0.000000|0.000000|0|1676.959993|nan|-913.787717|-inf|-27672|0.000000|0.000000|0.000000|0.000000|0|0.000000|0.000000|0.000000|0.000000|0|0.000000|0.000000|305.221238|inf|0
0.000000|0.000000|0.000000|0.000000|0|1741.682900|nan|-805.033290|-inf|-27672|0.000000|0.000000|0.000000|0.000000|0|0.000000|0.000000|0.000000|0.000000|0|0.000000|0.000000|199.661120|inf|0
0.000000|0.000000|0.000000|0.000000|0|1714.620032|nan|-711.813100|-inf|-27672|0.000000|0.000000|0.000000|0.000000|0|0.000000|0.000000|0.000000|0.000000|0|0.000000|0.000000|178.944050|inf|0
0.000000|0.000000|0.000000|0.000000|0|1645.508863|nan|-725.618393|-inf|-27672|0.000000|0.000000|0.000000|0.000000|0|0.000000|0.000000|0.000000|0.000000|0|0.000000|0.000000|245.346767|inf|0
0.000000|0.000000|0.000000|0.000000|0|1612.667613|nan|-738.983445|-inf|-27672|0.000000|0.000000|0.000000|0.000000|0|0.000000|0.000000|0.000000|0.000000|0|0.000000|0.000000|243.778609|inf|0
0.000000|0.000000|0.000000|0.000000|0|1597.773726|nan|-613.157785|-inf|-27672|0.000000|0.000000|0.000000|0.000000|0|0.000000|0.000000|0.000000|0.000000|0|0.000000|0.000000|110.952871|inf|0
0.000000|0.000000|0.000000|0.000000|0|1498.231013|nan|-706.194029|-inf|-27672|0.000000|0.000000|0.000000|0.000000|0|0.000000|0.000000|0.000000|0.000000|0|0.000000|0.000000|291.692543|inf|0
0.000000|0.000000|0.000000|0.000000|0|1491.773581|nan|-869.612662|-inf|-27672|0.000000|0.000000|0.000000|0.000000|0|0.000000|0.000000|0.000000|0.000000|0|0.000000|0.000000|394.996924|inf|0
0.000000|0.000000|0.000000|0.000000|0|1604.054129|nan|-774.318173|-inf|-27672|0.000000|0.000000|0.000000|0.000000|0|0.000000|0.000000|0.000000|0.000000|0|0.000000|0.000000|186.936923|inf|0
0.000000|0.000000|0.000000|0.000000|0|1613.468206|nan|-742.059300|-inf|-27672|0.000000|0.000000|0.000000|0.000000|0|0.000000|0.000000|0.000000|0.000000|0|0.000000|0.000000|218.207722|inf|0
0.000000|0.000000|0.000000|0.000000|0|1590.808832|nan|-603.890740|-inf|-27672|0.000000|0.000000|0.000000|0.000000|0|0.000000|0.000000|0.000000|0.000000|0|0.000000|0.000000|109.184497|inf|0
0.000000|0.000000|0.000000|0.000000|0|1475.740896|nan|-555.597589|-inf|-27672|0.000000|0.000000|0.000000|0.000000|0|0.000000|0.000000|0.000000|0.000000|0|0.000000|0.000000|156.823475|inf|0
0.000000|0.000000|0.000000|0.000000|0|1368.743235|nan|-541.792452|-inf|-27672|0.000000|0.000000|0.000000|0.000000|0|0.000000|0.000000|0.000000|0.000000|0|0.000000|0.000000|171.394059|inf|0
0.000000|0.000000|0.000000|0.000000|0|1290.118051|nan|-507.925321|-inf|-27672|0.000000|0.000000|0.000000|0.000000|0|0.000000|0.000000|0.000000|0.000000|0|0.000000|0.000000|139.090890|inf|0
0.000000|0.000000|0.000000|0.000000|0|1220.852700|nan|-354.949794|-inf|-27672|0.000000|0.000000|0.000000|0.000000|0|0.000000|0.000000|0.000000|0.000000|0|0.000000|0.000000|-8.495286|inf|0
0.000000|0.000000|0.000000|0.000000|0|1074.340240|nan|-64.811912|-inf|-27672|0.000000|0.000000|0.000000|0.000000|0|0.000000|0.000000|0.000000|0.000000|0|0.000000|0.000000|-211.928348|inf|0
0.000000|0.000000|0.000000|0.000000|0|791.522994|nan|111.446636|-inf|-27672|0.000000|0.000000|0.000000|0.000000|0|0.000000|0.000000|0.000000|0.000000|0|0.000000|0.000000|-208.130642|inf|0
0.000000|0.000000|0.000000|0.000000|0|485.300413|nan|90.820529|-inf|-27672|0.000000|0.000000|0.000000|0.000000|0|0.000000|0.000000|0.000000|0.000000|0|0.000000|0.000000|-48.990376|inf|0
0.000000|0.000000|0.000000|0.000000|0|294.902783|nan|-23.294148|-inf|-27672|0.000000|0.000000|0.000000|0.000000|0|0.000000|0.000000|0.000000|0.000000|0|0.000000|0.000000|66.652437|inf|0
0.000000|0.000000|0.000000|0.000000|0|238.108073|nan|-275.778506|-inf|-27672|0.000000|0.000000|0.000000|0.000000|0|0.000000|0.000000|0.000000|0.000000|0|0.000000|0.000000|246.880052|inf|0
0.000000|0.000000|0.000000|0.000000|0|364.957944|nan|-306.422147|-inf|-27672|0.000000|0.000000|0.000000|0.000000|0|0.000000|0.000000|0.000000|0.000000|0|0.000000|0.000000|107.290928|inf|0
0.000000|0.000000|0.000000|0.000000|0|473.773336|nan|-361.752386|-inf|-27672|0.000000|0.000000|0.000000|0.000000|0|0.000000|0.000000|0.000000|0.000000|0|0.000000|0.000000|138.372362|inf|0
0.000000|0.000000|0.000000|0.000000|0|573.826581|nan|-467.106702|-inf|-27672|0.000000|0.000000|0.000000|0.000000|0|0.000000|0.000000|0.000000|0.000000|0|0.000000|0.000000|218.298956|inf|0
0.000000|0.000000|0.000000|0.000000|0|683.644929|nan|-382.452592|-inf|-27672|0.000000|0.000000|0.000000|0.000000|0|0.000000|0.000000|0.000000|0.000000|0|0.000000|0.000000|95.876302|inf|0
0.000000|0.000000|0.000000|0.000000|0|721.429618|nan|-334.164804|-inf|-27672|0.000000|0.000000|0.000000|0.000000|0|0.000000|0.000000|0.000000|0.000000|0|0.000000|0.000000|88.745706|inf|0
0.000000|0.000000|0.000000|0.000000|0|760.646002|nan|-564.599518|-inf|-27672|0.000000|0.000000|0.000000|0.000000|0|0.000000|0.000000|0.000000|0.000000|0|0.000000|0.000000|320.814537|inf|0
0.000000|0.000000|0.000000|0.000000|0|899.924451|nan|-500.512649|-inf|-27672|0.000000|0.000000|0.000000|0.000000|0|0.000000|0.000000|0.000000|0.000000|0|0.000000|0.000000|147.031278|inf|0
0.000000|0.000000|0.000000|0.000000|0|930.953681|nan|-536.738233|-inf|-27672|0.000000|0.000000|0.000000|0.000000|0|0.000000|0.000000|0.000000|0.000000|0|0.000000|0.000000|229.801165|inf|0
0.000000|0.000000|0.000000|0.000000|0|985.549267|nan|-346.778377|-inf|-27672|0.000000|0.000000|0.000000|0.000000|0|0.000000|0.000000|0.000000|0.000000|0|0.000000|0.000000|-1.497826|inf|0
0.000000|0.000000|0.000000|0.000000|0|906.555726|nan|-302.761680|-inf|-27672|0.000000|0.000000|0.000000|0.000000|0|0.000000|0.000000|0.000000|0.000000|0|0.000000|0.000000|67.756385|inf|0
0.000000|0.000000|0.000000|0.000000|0|839.827840|nan|-193.535986|-inf|-27672|0.000000|0.000000|0.000000|0.000000|0|0.000000|0.000000|0.000000|0.000000|0|0.000000|0.000000|-31.223453|inf|0
0.000000|0.000000|0.000000|0.000000|0|737.804315|nan|-203.701328|-inf|-27672|0.000000|0.000000|0.000000|0.000000|0|0.000000|0.000000|0.000000|0.000000|0|0.000000|0.000000|34.570284|inf|0
0.000000|0.000000|0.000000|0.000000|0|682.504966|nan|-334.554803|-inf|-27672|0.000000|0.000000|0.000000|0.000000|0|0.000000|0.000000|0.000000|0.000000|0|0.000000|0.000000|152.917291|inf|0
0.000000|0.000000|0.000000|0.000000|0|728.844700|nan|-422.384241|-inf|-27672|0.000000|0.000000|0.000000|0.000000|0|0.000000|0.000000|0.000000|0.000000|0|0.000000|0.000000|157.330781|inf|0
0.000000|0.000000|0.000000|0.000000|0|824.020521|nan|-315.811880|-inf|-27672|0.000000|0.000000|0.000000|0.000000|0|0.000000|0.000000|0.000000|0.000000|0|0.000000|0.000000|-5.884651|inf|0
0.000000|0.000000|0.000000|0.000000|0|824.062253|nan|-185.609712|-inf|-27672|0.000000|0.000000|0.000000|0.000000|0|0.000000|0.000000|0.000000|0.000000|0|0.000000|0.000000|-74.587900|inf|0
0.000000|0.000000|0.000000|0.000000|0|741.108334|nan|-72.104684|-inf|-27672|0.000000|0.000000|0.000000|0.000000|0|0.000000|0.000000|0.000000|0.000000|0|0.000000|0.000000|-105.111184|inf|0
0.000000|0.000000|0.000000|0.000000|0|613.955425|nan|106.038156|-inf|-27672|0.000000|0.000000|0.000000|0.000000|0|0.000000|0.000000|0.000000|0.000000|0|0.000000|0.000000|-211.403731|inf|0
0.000000|0.000000|0.000000|0.000000|0|412.334749|nan|140.963127|-inf|-27672|0.000000|0.000000|0.000000|0.000000|0|0.000000|0.000000|0.000000|0.000000|0|0.000000|0.000000|-127.566806|inf|0
0.000000|0.000000|0.000000|0.000000|0|254.847494|nan|54.879095|-inf|-27672|0.000000|0.000000|0.000000|0.000000|0|0.000000|0.000000|0.000000|0.000000|0|0.000000|0.000000|-14.379739|inf|0
0.000000|0.000000|0.000000|0.000000|0|193.666484|nan|-70.328868|-inf|-27672|0.000000|0.000000|0.000000|0.000000|0|0.000000|0.000000|0.000000|0.000000|0|0.000000|0.000000|68.717740|inf|0
0.000000|0.000000|0.000000|0.000000|0|224.891957|nan|-29.672382|-inf|-27672|0.000000|0.000000|0.000000|0.000000|0|0.000000|0.000000|0.000000|0.000000|0|0.000000|0.000000|-43.951559|inf|0
0.000000|0.000000|0.000000|0.000000|0|211.175043|nan|154.668773|-inf|-27672|0.000000|0.000000|0.000000|0.000000|0|0.000000|0.000000|0.000000|0.000000|0|0.000000|0.000000|-195.458823|inf|0
0.000000|0.000000|0.000000|0.000000|0|77.016611|nan|294.533902|-inf|-27672|0.000000|0.000000|0.000000|0.000000|0|0.000000|0.000000|0.000000|0.000000|0|0.000000|0.000000|-212.429845|inf|0
0.000000|0.000000|0.000000|0.000000|0|-98.026312|nan|328.426522|-inf|-27672|0.000000|0.000000|0.000000|0.000000|0|0.000000|0.000000|0.000000|0.000000|0|0.000000|0.000000|-162.628346|inf|0
0.000000|0.000000|0.000000|0.000000|0|-233.287128|nan|455.330519|-inf|-27672|0.000000|0.000000|0.000000|0.000000|0|0.000000|0.000000|0.000000|0.000000|0|0.000000|0.000000|-270.756946|inf|0
0.000000|0.000000|0.000000|0.000000|0|-402.334060|nan|573.821724|-inf|-27672|0.000000|0.000000|0.000000|0.000000|0|0.000000|0.000000|0.000000|0.000000|0|0.000000|0.000000|-302.735646|inf|0
0.000000|0.000000|0.000000|0.000000|0|-592.116305|nan|609.199777|-inf|-27672|0.000000|0.000000|0.000000|0.000000|0|0.000000|0.000000|0.000000|0.000000|0|0.000000|0.000000|-262.939275|inf|0
0.000000|0.000000|0.000000|0.000000|0|-736.178028|nan|270.118947|-inf|-27672|0.000000|0.000000|0.000000|0.000000|0|0.000000|0.000000|0.000000|0.000000|0|0.000000|0.000000|90.177595|inf|0
0.000000|0.000000|0.000000|0.000000|0|-606.043567|nan|-155.058840|-inf|-27672|0.000000|0.000000|0.000000|0.000000|0|0.000000|0.000000|0.000000|0.000000|0|0.000000|0.000000|296.940965|inf|0
0.000000|0.000000|0.000000|0.000000|0|-236.100646|nan|-419.744507|-inf|-27672|0.000000|0.000000|0.000000|0.000000|0|0.000000|0.000000|0.000000|0.000000|0|0.000000|0.000000|287.724044|inf|0
0.000000|0.000000|0.000000|0.000000|0|196.152464|nan|-538.490803|-inf|-27672|0.000000|0.000000|0.000000|0.000000|0|0.000000|0.000000|0.000000|0.000000|0|0.000000|0.000000|222.373785|inf|0
0.000000|0.000000|0.000000|0.000000|0|571.124910|nan|-560.719145|-inf|-27672|0.000000|0.000000|0.000000|0.000000|0|0.000000|0.000000|0.000000|0.000000|0|0.000000|0.000000|157.798493|inf|0
0.000000|0.000000|0.000000|0.000000|0|836.307236|nan|-566.865262|-inf|-27672|0.000000|0.000000|0.000000|0.000000|0|0.000000|0.000000|0.000000|0.000000|0|0.000000|0.000000|149.125763|inf|0
0.000000|0.000000|0.000000|0.000000|0|1017.020836|nan|-662.583788|-inf|-27672|0.000000|0.000000|0.000000|0.000000|0|0.000000|0.000000|0.000000|0.000000|0|0.000000|0.000000|238.836899|inf|0
0.000000|0.000000|0.000000|0.000000|0|1201.308971|nan|-686.890819|-inf|-27672|0.000000|0.000000|0.000000|0.000000|0|0.000000|0.000000|0.000000|0.000000|0|0.000000|0.000000|205.061236|inf|0
0.000000|0.000000|0.000000|0.000000|0|1334.642734|nan|-632.831877|-inf|-27672|0.000000|0.000000|0.000000|0.000000|0|0.000000|0.000000|0.000000|0.000000|0|0.000000|0.000000|140.527219|inf|0
0.000000|0.000000|0.000000|0.000000|0|1377.943603|nan|-588.147417|-inf|-27672|0.000000|0.000000|0.000000|0.000000|0|0.000000|0.000000|0.000000|0.000000|0|0.000000|0.000000|139.521446|inf|0
0.000000|0.000000|0.000000|0.000000|0|1363.651986|nan|-548.137978|-inf|-27672|0.000000|0.000000|0.000000|0.000000|0|0.000000|0.000000|0.000000|0.000000|0|0.000000|0.000000|138.850934|inf|0
0.000000|0.000000|0.000000|0.000000|0|1319.984004|nan|-593.592607|-inf|-27672|0.000000|0.000000|0.000000|0.000000|0|0.000000|0.000000|0.000000|0.000000|0|0.000000|0.000000|218.618004|inf|0
0.000000|0.000000|0.000000|0.000000|0|1323.084883|nan|-596.859674|-inf|-27672|0.000000|0.000000|0.000000|0.000000|0|0.000000|0.000000|0.000000|0.000000|0|0.000000|0.000000|191.581966|inf|0
0.000000|0.000000|0.000000|0.000000|0|1330.977819|nan|-571.464435|-inf|-27672|0.000000|0.000000|0.000000|0.000000|0|0.000000|0.000000|0.000000|0.000000|0|0.000000|0.000000|158.279057|inf|0
0.000000|0.000000|0.000000|0.000000|0|1319.481672|nan|-675.571701|-inf|-27672|0.000000|0.000000|0.000000|0.000000|0|0.000000|0.000000|0.000000|0.000000|0|0.000000|0.000000|275.496857|inf|0
0.000000|0.000000|0.000000|0.000000|0|1388.862036|nan|-771.555654|-inf|-27672|0.000000|0.000000|0.000000|0.000000|0|0.000000|0.000000|0.000000|0.000000|0|0.000000|0.000000|294.436431|inf|0
0.000000|0.000000|0.000000|0.000000|0|1501.014670|nan|-825.252962|-inf|-27672|0.000000|0.000000|0.000000|0.000000|0|0.000000|0.000000|0.000000|0.000000|0|0.000000|0.000000|282.234617|inf|0
0.000000|0.000000|0.000000|0.000000|0|1609.671490|nan|-759.333518|-inf|-27672|0.000000|0.000000|0.000000|0.000000|0|0.000000|0.000000|0.000000|0.000000|0|0.000000|0.000000|188.156405|inf|0
0.000000|0.000000|0.000000|0.000000|0|1630.523430|nan|-666.037403|-inf|-27672|0.000000|0.000000|0.000000|0.000000|0|0.000000|0.000000|0.000000|0.000000|0|0.000000|0.000000|148.355934|inf|0
0.000000|0.000000|0.000000|0.000000|0|1591.776817|nan|-529.559902|-inf|-27672|0.000000|0.000000|0.000000|0.000000|0|0.000000|0.000000|0.000000|0.000000|0|0.000000|0.000000|68.346207|inf|0
0.000000|0.000000|0.000000|0.000000|0|1484.337750|nan|-431.071707|-inf|-27672|0.000000|0.000000|0.000000|0.000000|0|0.000000|0.000000|0.000000|0.000000|0|0.000000|0.000000|49.383854|inf|0
0.000000|0.000000|0.000000|0.000000|0|1343.233371|nan|-499.830528|-inf|-27672|0.000000|0.000000|0.000000|0.000000|0|0.000000|0.000000|0.000000|0.000000|0|0.000000|0.000000|178.071884|inf|0
0.000000|0.000000|0.000000|0.000000|0|1297.084965|nan|-335.433536|-inf|-27672|0.000000|0.000000|0.000000|0.000000|0|0.000000|0.000000|0.000000|0.000000|0|0.000000|0.000000|-32.164297|inf|0
0.000000|0.000000|0.000000|0.000000|0|1156.721263|nan|-295.762593|-inf|-27672|0.000000|0.000000|0.000000|0.000000|0|0.000000|0.000000|0.000000|0.000000|0|0.000000|0.000000|37.762777|inf|0
0.000000|0.000000|0.000000|0.000000|0|1034.788293|nan|-44.733341|-inf|-27672|0.000000|0.000000|0.000000|0.000000|0|0.000000|0.000000|0.000000|0.000000|0|0.000000|0.000000|-182.999489|inf|0
0.000000|0.000000|0.000000|0.000000|0|788.056711|nan|178.121095|-inf|-27672|0.000000|0.000000|0.000000|0.000000|0|0.000000|0.000000|0.000000|0.000000|0|0.000000|0.000000|-238.501084|inf|0
0.000000|0.000000|0.000000|0.000000|0|471.179608|nan|306.395996|-inf|-27672|0.000000|0.000000|0.000000|0.000000|0|0.000000|0.000000|0.000000|0.000000|0|0.000000|0.000000|-216.296502|inf|0
0.000000|0.000000|0.000000|0.000000|0|172.501733|nan|216.681392|-inf|-27672|0.000000|0.000000|0.000000|0.000000|0|0.000000|0.000000|0.000000|0.000000|0|0.000000|0.000000|-39.155409|inf|0
0.000000|0.000000|0.000000|0.000000|0|37.277847|nan|287.059292|-inf|-27672|0.000000|0.000000|0.000000|0.000000|0|0.000000|0.000000|0.000000|0.000000|0|0.000000|0.000000|-169.343074|inf|0
0.000000|0.000000|0.000000|0.000000|0|-96.235546|nan|279.440080|-inf|-27672|0.000000|0.000000|0.000000|0.000000|0|0.000000|0.000000|0.000000|0.000000|0|0.000000|0.000000|-116.715108|inf|0
0.000000|0.000000|0.000000|0.000000|0|-176.345289|nan|342.407716|-inf|-27672|0.000000|0.000000|0.000000|0.000000|0|0.000000|0.000000|0.000000|0.000000|0|0.000000|0.000000|-188.581919|inf|0
0.000000|0.000000|0.000000|0.000000|0|-260.271021|nan|296.697317|-inf|-27672|0.000000|0.000000|0.000000|0.000000|0|0.000000|0.000000|0.000000|0.000000|0|0.000000|0.000000|-102.802971|inf|0
0.000000|0.000000|0.000000|0.000000|0|-263.108494|nan|131.012397|-inf|-27672|0.000000|0.000000|0.000000|0.000000|0|0.000000|0.000000|0.000000|0.000000|0|0.000000|0.000000|11.678776|inf|0
0.000000|0.000000|0.000000|0.000000|0|-156.453408|nan|-11.838621|-inf|-27672|0.000000|0.000000|0.000000|0.000000|0|0.000000|0.000000|0.000000|0.000000|0|0.000000|0.000000|42.163320|inf|0
0.000000|0.000000|0.000000|0.000000|0|2.388174|nan|-43.361854|-inf|-27672|0.000000|0.000000|0.000000|0.000000|0|0.000000|0.000000|0.000000|0.000000|0|0.000000|0.000000|-19.637605|inf|0
0.000000|0.000000|0.000000|0.000000|0|117.838907|nan|-21.266866|-inf|-27672|0.000000|0.000000|0.000000|0.000000|0|0.000000|0.000000|0.000000|0.000000|0|0.000000|0.000000|-55.108642|inf|0
0.000000|0.000000|0.000000|0.000000|0|168.616910|nan|141.251343|-inf|-27672|0.000000|0.000000|0.000000|0.000000|0|0.000000|0.000000|0.000000|0.000000|0|0.000000|0.000000|-199.077150|inf|0
0.000000|0.000000|0.000000|0.000000|0|93.979838|nan|185.147634|-inf|-27672|0.000000|0.000000|0.000000|0.000000|0|0.000000|0.000000|0.000000|0.000000|0|0.000000|0.000000|-134.627956|inf|0
0.000000|0.000000|0.000000|0.000000|0|16.867453|nan|335.693600|-inf|-27672|0.000000|0.000000|0.000000|0.000000|0|0.000000|0.000000|0.000000|0.000000|0|0.000000|0.000000|-255.909725|inf|0
0.000000|0.000000|0.000000|0.000000|0|-132.851335|nan|417.599451|-inf|-27672|0.000000|0.000000|0.000000|0.000000|0|0.000000|0.000000|0.000000|0.000000|0|0.000000|0.000000|-237.451579|inf|0
0.000000|0.000000|0.000000|0.000000|0|-294.907193|nan|414.061246|-inf|-27672|0.000000|0.000000|0.000000|0.000000|0|0.000000|0.000000|0.000000|0.000000|0|0.000000|0.000000|-173.579933|inf|0
0.000000|0.000000|0.000000|0.000000|0|-402.495507|nan|260.259384|-inf|-27672|0.000000|0.000000|0.000000|0.000000|0|0.000000|0.000000|0.000000|0.000000|0|0.000000|0.000000|-25.956565|inf|0
0.000000|0.000000|0.000000|0.000000|0|-365.956897|nan|128.064145|-inf|-27672|0.000000|0.000000|0.000000|0.000000|0|0.000000|0.000000|0.000000|0.000000|0|0.000000|0.000000|1.794217|inf|0
0.000000|0.000000|0.000000|0.000000|0|-251.557774|nan|176.132086|-inf|-27672|0.000000|0.000000|0.000000|0.000000|0|0.000000|0.000000|0.000000|0.000000|0|0.000000|0.000000|-134.403872|inf|0
0.000000|0.000000|0.000000|0.000000|0|-213.066562|nan|218.762005|-inf|-27672|0.000000|0.000000|0.000000|0.000000|0|0.000000|0.000000|0.000000|0.000000|0|0.000000|0.000000|-144.988511|inf|0
0.000000|0.000000|0.000000|0.000000|0|-225.518591|nan|298.165129|-inf|-27672|0.000000|0.000000|0.000000|0.000000|0|0.000000|0.000000|0.000000|0.000000|0|0.000000|0.000000|-197.881545|inf|0
0.000000|0.000000|0.000000|0.000000|0|-271.211291|nan|334.796411|-inf|-27672|0.000000|0.000000|0.000000|0.000000|0|0.000000|0.000000|0.000000|0.000000|0|0.000000|0.000000|-187.306950|inf|0
0.000000|0.000000|0.000000|0.000000|0|-312.990144|nan|254.764691|-inf|-27672|0.000000|0.000000|0.000000|0.000000|0|0.000000|0.000000|0.000000|0.000000|0|0.000000|0.000000|-86.674117|inf|0
0.000000|0.000000|0.000000|0.000000|0|-287.222974|nan|138.141352|-inf|-27672|0.000000|0.000000|0.000000|0.000000|0|0.000000|0.000000|0.000000|0.000000|0|0.000000|0.000000|-19.585558|inf|0
0.000000|0.000000|0.000000|0.000000|0|-201.966923|nan|-26.350139|-inf|-27672|0.000000|0.000000|0.000000|0.000000|0|0.000000|0.000000|0.000000|0.000000|0|0.000000|0.000000|70.976771|inf|0
0.000000|0.000000|0.000000|0.000000|0|-39.288280|nan|-74.155027|-inf|-27672|0.000000|0.000000|0.000000|0.000000|0|0.000000|0.000000|0.000000|0.000000|0|0.000000|0.000000|7.210803|inf|0
0.000000|0.000000|0.000000|0.000000|0|108.529926|nan|49.167395|-inf|-27672|0.000000|0.000000|0.000000|0.000000|0|0.000000|0.000000|0.000000|0.000000|0|0.000000|0.000000|-151.801264|inf|0
0.000000|0.000000|0.000000|0.000000|0|123.215836|nan|31.125581|-inf|-27672|0.000000|0.000000|0.000000|0.000000|0|0.000000|0.000000|0.000000|0.000000|0|0.000000|0.000000|-47.724787|inf|0
0.000000|0.000000|0.000000|0.000000|0|141.092955|nan|26.107759|-inf|-27672|0.000000|0.000000|0.000000|0.000000|0|0.000000|0.000000|0.000000|0.000000|0|0.000000|0.000000|-47.095399|inf|0
0.000000|0.000000|0.000000|0.000000|0|160.175967|nan|43.351411|-inf|-27672|0.000000|0.000000|0.000000|0.000000|0|0.000000|0.000000|0.000000|0.000000|0|0.000000|0.000000|-67.684263|inf|0
0.000000|0.000000|0.000000|0.000000|0|174.771225|nan|-63.207214|-inf|-27672|0.000000|0.000000|0.000000|0.000000|0|0.000000|0.000000|0.000000|0.000000|0|0.000000|0.000000|44.640548|inf|0
0.000000|0.000000|0.000000|0.000000|0|259.360174|nan|-142.284422|-inf|-27672|0.000000|0.000000|0.000000|0.000000|0|0.000000|0.000000|0.000000|0.000000|0|0.000000|0.000000|50.768814|inf|0
0.000000|0.000000|0.000000|0.000000|0|368.327397|nan|-162.800771|-inf|-27672|0.000000|0.000000|0.000000|0.000000|0|0.000000|0.000000|0.000000|0.000000|0|0.000000|0.000000|18.567004|inf|0
0.000000|0.000000|0.000000|0.000000|0|449.185413|nan|-248.593552|-inf|-27672|0.000000|0.000000|0.000000|0.000000|0|0.000000|0.000000|0.000000|0.000000|0|0.000000|0.000000|90.682240|inf|0
0.000000|0.000000|0.000000|0.000000|0|556.466258|nan|-315.668404|-inf|-27672|0.000000|0.000000|0.000000|0.000000|0|0.000000|0.000000|0.000000|0.000000|0|0.000000|0.000000|96.742153|inf|0
0.000000|0.000000|0.000000|0.000000|0|661.122562|nan|-444.638967|-inf|-27672|0.000000|0.000000|0.000000|0.000000|0|0.000000|0.000000|0.000000|0.000000|0|0.000000|0.000000|184.815899|inf|0
0.000000|0.000000|0.000000|0.000000|0|809.234499|nan|-377.340828|-inf|-27672|0.000000|0.000000|0.000000|0.000000|0|0.000000|0.000000|0.000000|0.000000|0|0.000000|0.000000|31.537357|inf|0
0.000000|0.000000|0.000000|0.000000|0|865.246004|nan|-394.537566|-inf|-27672|0.000000|0.000000|0.000000|0.000000|0|0.000000|0.000000|0.000000|0.000000|0|0.000000|0.000000|91.689703|inf|0
0.000000|0.000000|0.000000|0.000000|0|915.735500|nan|-295.224765|-inf|-27672|0.000000|0.000000|0.000000|0.000000|0|0.000000|0.000000|0.000000|0.000000|0|0.000000|0.000000|-15.267905|inf|0
0.000000|0.000000|0.000000|0.000000|0|883.308224|nan|-299.040734|-inf|-27672|0.000000|0.000000|0.000000|0.000000|0|0.000000|0.000000|0.000000|0.000000|0|0.000000|0.000000|54.756615|inf|0
0.000000|0.000000|0.000000|0.000000|0|866.022272|nan|-226.036719|-inf|-27672|0.000000|0.000000|0.000000|0.000000|0|0.000000|0.000000|0.000000|0.000000|0|0.000000|0.000000|-20.791368|inf|0
0.000000|0.000000|0.000000|0.000000|0|809.648628|nan|-88.804874|-inf|-27672|0.000000|0.000000|0.000000|0.000000|0|0.000000|0.000000|0.000000|0.000000|0|0.000000|0.000000|-111.263740|inf|0
0.000000|0.000000|0.000000|0.000000|0|684.813490|nan|79.771267|-inf|-27672|0.000000|0.000000|0.000000|0.000000|0|0.000000|0.000000|0.000000|0.000000|0|0.000000|0.000000|-196.406836|inf|0
0.000000|0.000000|0.000000|0.000000|0|485.507827|nan|44.562476|-inf|-27672|0.000000|0.000000|0.000000|0.000000|0|0.000000|0.000000|0.000000|0.000000|0|0.000000|0.000000|-44.994221|inf|0
0.000000|0.000000|0.000000|0.000000|0|372.290184|nan|74.846813|-inf|-27672|0.000000|0.000000|0.000000|0.000000|0|0.000000|0.000000|0.000000|0.000000|0|0.000000|0.000000|-96.841227|inf|0
0.000000|0.000000|0.000000|0.000000|0|276.726597|nan|89.493988|-inf|-27672|0.000000|0.000000|0.000000|0.000000|0|0.000000|0.000000|0.000000|0.000000|0|0.000000|0.000000|-91.298848|inf|0
0.000000|0.000000|0.000000|0.000000|0|205.058244|nan|263.631479|-inf|-27672|0.000000|0.000000|0.000000|0.000000|0|0.000000|0.000000|0.000000|0.000000|0|0.000000|0.000000|-257.581396|inf|0
0.000000|0.000000|0.000000|0.000000|0|41.187661|nan|162.082388|-inf|-27672|0.000000|0.000000|0.000000|0.000000|0|0.000000|0.000000|0.000000|0.000000|0|0.000000|0.000000|-39.940644|inf|0
0.000000|0.000000|0.000000|0.000000|0|-0.481634|nan|92.528588|-inf|-27672|0.000000|0.000000|0.000000|0.000000|0|0.000000|0.000000|0.000000|0.000000|0|0.000000|0.000000|-38.086254|inf|0
0.000000|0.000000|0.000000|0.000000|0|16.424187|nan|-146.062817|-inf|-27672|0.000000|0.000000|0.000000|0.000000|0|0.000000|0.000000|0.000000|0.000000|0|0.000000|0.000000|154.135948|inf|0
0.000000|0.000000|0.000000|0.000000|0|181.026100|nan|-309.131025|-inf|-27672|0.000000|0.000000|0.000000|0.000000|0|0.000000|0.000000|0.000000|0.000000|0|0.000000|0.000000|161.962934|inf|0
0.000000|0.000000|0.000000|0.000000|0|399.472807|nan|-518.554120|-inf|-27672|0.000000|0.000000|0.000000|0.000000|0|0.000000|0.000000|0.000000|0.000000|0|0.000000|0.000000|262.673907|inf|0
0.000000|0.000000|0.000000|0.000000|0|690.344591|nan|-564.882003|-inf|-27672|0.000000|0.000000|0.000000|0.000000|0|0.000000|0.000000|0.000000|0.000000|0|0.000000|0.000000|165.566661|inf|0
0.000000|0.000000|0.000000|0.000000|0|915.144342|nan|-588.324834|-inf|-27672|0.000000|0.000000|0.000000|0.000000|0|0.000000|0.000000|0.000000|0.000000|0|0.000000|0.000000|156.214404|inf|0
0.000000|0.000000|0.000000|0.000000|0|1076.924098|nan|-483.127031|-inf|-27672|0.000000|0.000000|0.000000|0.000000|0|0.000000|0.000000|0.000000|0.000000|0|0.000000|0.000000|37.297860|inf|0
0.000000|0.000000|0.000000|0.000000|0|1108.915718|nan|-499.875213|-inf|-27672|0.000000|0.000000|0.000000|0.000000|0|0.000000|0.000000|0.000000|0.000000|0|0.000000|0.000000|124.177934|inf|0
0.000000|0.000000|0.000000|0.000000|0|1143.318909|nan|-305.400112|-inf|-27672|0.000000|0.000000|0.000000|0.000000|0|0.000000|0.000000|0.000000|0.000000|0|0.000000|0.000000|-79.552759|inf|0
0.000000|0.000000|0.000000|0.000000|0|1040.514374|nan|-274.842285|-inf|-27672|0.000000|0.000000|0.000000|0.000000|0|0.000000|0.000000|0.000000|0.000000|0|0.000000|0.000000|15.719764|inf|0
0.000000|0.000000|0.000000|0.000000|0|945.786254|nan|-218.672733|-inf|-27672|0.000000|0.000000|0.000000|0.000000|0|0.000000|0.000000|0.000000|0.000000|0|0.000000|0.000000|-20.077906|inf|0
0.000000|0.000000|0.000000|0.000000|0|843.051816|nan|-199.378169|-inf|-27672|0.000000|0.000000|0.000000|0.000000|0|0.000000|0.000000|0.000000|0.000000|0|0.000000|0.000000|-3.835974|inf|0
0.000000|0.000000|0.000000|0.000000|0|759.910921|nan|-329.123369|-inf|-27672|0.000000|0.000000|0.000000|0.000000|0|0.000000|0.000000|0.000000|0.000000|0|0.000000|0.000000|138.772269|inf|0
0.000000|0.000000|0.000000|0.000000|0|779.399786|nan|-165.007792|-inf|-27672|0.000000|0.000000|0.000000|0.000000|0|0.000000|0.000000|0.000000|0.000000|0|0.000000|0.000000|-106.110526|inf|0
0.000000|0.000000|0.000000|0.000000|0|677.252309|nan|2.615539|-inf|-27672|0.000000|0.000000|0.000000|0.000000|0|0.000000|0.000000|0.000000|0.000000|0|0.000000|0.000000|-162.413608|inf|0
0.000000|0.000000|0.000000|0.000000|0|493.585407|nan|12.480077|-inf|-27672|0.000000|0.000000|0.000000|0.000000|0|0.000000|0.000000|0.000000|0.000000|0|0.000000|0.000000|-62.439115|inf|0
0.000000|0.000000|0.000000|0.000000|0|370.294025|nan|-49.503089|-inf|-27672|0.000000|0.000000|0.000000|0.000000|0|0.000000|0.000000|0.000000|0.000000|0|0.000000|0.000000|2.300687|inf|0
0.000000|0.000000|0.000000|0.000000|0|331.453302|nan|-78.599146|-inf|-27672|0.000000|0.000000|0.000000|0.000000|0|0.000000|0.000000|0.000000|0.000000|0|0.000000|0.000000|-9.925366|inf|0
0.000000|0.000000|0.000000|0.000000|0|321.015559|nan|-76.476796|-inf|-27672|0.000000|0.000000|0.000000|0.000000|0|0.000000|0.000000|0.000000|0.000000|0|0.000000|0.000000|-37.174661|inf|0
0.000000|0.000000|0.000000|0.000000|0|304.708938|nan|98.218319|-inf|-27672|0.000000|0.000000|0.000000|0.000000|0|0.000000|0.000000|0.000000|0.000000|0|0.000000|0.000000|-200.490175|inf|0
0.000000|0.000000|0.000000|0.000000|0|175.027326|nan|279.631952|-inf|-27672|0.000000|0.000000|0.000000|0.000000|0|0.000000|0.000000|0.000000|0.000000|0|0.000000|0.000000|-259.710831|inf|0
0.000000|0.000000|0.000000|0.000000|0|-33.737747|nan|310.184416|-inf|-27672|0.000000|0.000000|0.000000|0.000000|0|0.000000|0.000000|0.000000|0.000000|0|0.000000|0.000000|-178.870145|inf|0
0.000000|0.000000|0.000000|0.000000|0|-191.914556|nan|104.771561|-inf|-27672|0.000000|0.000000|0.000000|0.000000|0|0.000000|0.000000|0.000000|0.000000|0|0.000000|0.000000|41.181424|inf|0
0.000000|0.000000|0.000000|0.000000|0|-150.415769|nan|-58.965644|-inf|-27672|0.000000|0.000000|0.000000|0.000000|0|0.000000|0.000000|0.000000|0.000000|0|0.000000|0.000000|15.995126|inf|0
0.000000|0.000000|0.000000|0.000000|0|22.180690|nan|-315.580822|-inf|-27672|0.000000|0.000000|0.000000|0.000000|0|0.000000|0.000000|0.000000|0.000000|0|0.000000|0.000000|-69.550676|inf|0
0.000000|0.000000|0.000000|0.000000|0|247.174543|nan|-274.791947|-inf|-27672|0.000000|0.000000|0.000000|0.000000|0|0.000000|0.000000|0.000000|0.000000|0|0.000000|0.000000|-132.310787|inf|0
0.000000|0.000000|0.000000|0.000000|0|400.939084|nan|-132.905772|-inf|-27672|0.000000|0.000000|0.000000|0.000000|0|0.000000|0.000000|0.000000|0.000000|0|0.000000|0.000000|-158.871992|inf|0
0.000000|0.000000|0.000000|0.000000|0|406.948154|nan|-427.407569|-inf|-27672|0.000000|0.000000|0.000000|0.000000|0|0.000000|0.000000|0.000000|0.000000|0|0.000000|0.000000|222.581160|inf|0
0.000000|0.000000|0.000000|0.000000|0|617.471715|nan|-601.114582|-inf|-27672|0.000000|0.000000|0.000000|0.000000|0|0.000000|0.000000|0.000000|0.000000|0|0.000000|0.000000|201.863508|inf|0
0.000000|0.000000|0.000000|0.000000|0|859.097167|nan|-670.639919|-inf|-27672|0.000000|0.000000|0.000000|0.000000|0|0.000000|0.000000|0.000000|0.000000|0|0.000000|0.000000|201.420741|inf|0
0.000000|0.000000|0.000000|0.000000|0|1072.642380|nan|-594.463879|-inf|-27672|0.000000|0.000000|0.000000|0.000000|0|0.000000|0.000000|0.000000|0.000000|0|0.000000|0.000000|69.345287|inf|0
0.000000|0.000000|0.000000|0.000000|0|1193.135261|nan|-386.874659|-inf|-27672|0.000000|0.000000|0.000000|0.000000|0|0.000000|0.000000|0.000000|0.000000|0|0.000000|0.000000|-106.558557|inf|0
0.000000|0.000000|0.000000|0.000000|0|1146.543739|nan|-480.995730|-inf|-27672|0.000000|0.000000|0.000000|0.000000|0|0.000000|0.000000|0.000000|0.000000|0|0.000000|0.000000|85.569426|inf|0
0.000000|0.000000|0.000000|0.000000|0|1121.921817|nan|-528.310171|-inf|-27672|0.000000|0.000000|0.000000|0.000000|0|0.000000|0.000000|0.000000|0.000000|0|0.000000|0.000000|93.333611|inf|0
0.000000|0.000000|0.000000|0.000000|0|1152.800440|nan|-542.110917|-inf|-27672|0.000000|0.000000|0.000000|0.000000|0|0.000000|0.000000|0.000000|0.000000|0|0.000000|0.000000|77.501283|inf|0
0.000000|0.000000|0.000000|0.000000|0|1207.222183|nan|-615.519891|-inf|-27672|0.000000|0.000000|0.000000|0.000000|0|0.000000|0.000000|0.000000|0.000000|0|0.000000|0.000000|131.881620|inf|0
0.000000|0.000000|0.000000|0.000000|0|1308.193017|nan|-637.687385|-inf|-27672|0.000000|0.000000|0.000000|0.000000|0|0.000000|0.000000|0.000000|0.000000|0|0.000000|0.000000|61.183050|inf|0
0.000000|0.000000|0.000000|0.000000|0|1400.870774|nan|-467.823521|-inf|-27672|0.000000|0.000000|0.000000|0.000000|0|0.000000|0.000000|0.000000|0.000000|0|0.000000|0.000000|-100.540890|inf|0
0.000000|0.000000|0.000000|0.000000|0|1354.422399|nan|-367.086097|-inf|-27672|0.000000|0.000000|0.000000|0.000000|0|0.000000|0.000000|0.000000|0.000000|0|0.000000|0.000000|-36.469512|inf|0
0.000000|0.000000|0.000000|0.000000|0|1255.982968|nan|-449.594180|-inf|-27672|0.000000|0.000000|0.000000|0.000000|0|0.000000|0.000000|0.000000|0.000000|0|0.000000|0.000000|120.836302|inf|0
0.000000|0.000000|0.000000|0.000000|0|1244.890459|nan|-355.458849|-inf|-27672|0.000000|0.000000|0.000000|0.000000|0|0.000000|0.000000|0.000000|0.000000|0|0.000000|0.000000|-26.394585|inf|0
0.000000|0.000000|0.000000|0.000000|0|1171.562461|nan|-515.404399|-inf|-27672|0.000000|0.000000|0.000000|0.000000|0|0.000000|0.000000|0.000000|0.000000|0|0.000000|0.000000|194.398010|inf|0
0.000000|0.000000|0.000000|0.000000|0|1233.587350|nan|-645.088945|-inf|-27672|0.000000|0.000000|0.000000|0.000000|0|0.000000|0.000000|0.000000|0.000000|0|0.000000|0.000000|215.542343|inf|0
0.000000|0.000000|0.000000|0.000000|0|1363.108621|nan|-722.723218|-inf|-27672|0.000000|0.000000|0.000000|0.000000|0|0.000000|0.000000|0.000000|0.000000|0|0.000000|0.000000|210.539978|inf|0
0.000000|0.000000|0.000000|0.000000|0|1527.950401|nan|-652.733278|-inf|-27672|0.000000|0.000000|0.000000|0.000000|0|0.000000|0.000000|0.000000|0.000000|0|0.000000|0.000000|79.244489|inf|0
0.000000|0.000000|0.000000|0.000000|0|1583.423670|nan|-720.987979|-inf|-27672|0.000000|0.000000|0.000000|0.000000|0|0.000000|0.000000|0.000000|0.000000|0|0.000000|0.000000|203.708555|inf|0
0.000000|0.000000|0.000000|0.000000|0|1662.847426|nan|-713.867194|-inf|-27672|0.000000|0.000000|0.000000|0.000000|0|0.000000|0.000000|0.000000|0.000000|0|0.000000|0.000000|145.355003|inf|0
0.000000|0.000000|0.000000|0.000000|0|1716.874779|nan|-654.938833|-inf|-27672|0.000000|0.000000|0.000000|0.000000|0|0.000000|0.000000|0.000000|0.000000|0|0.000000|0.000000|81.624464|inf|0
0.000000|0.000000|0.000000|0.000000|0|1709.517593|nan|-653.380233|-inf|-27672|0.000000|0.000000|0.000000|0.000000|0|0.000000|0.000000|0.000000|0.000000|0|0.000000|0.000000|125.081107|inf|0
0.000000|0.000000|0.000000|0.000000|0|1676.972272|nan|-499.875602|-inf|-27672|0.000000|0.000000|0.000000|0.000000|0|0.000000|0.000000|0.000000|0.000000|0|0.000000|0.000000|-6.375985|inf|0
0.000000|0.000000|0.000000|0.000000|0|1523.427230|nan|-260.244793|-inf|-27672|0.000000|0.000000|0.000000|0.000000|0|0.000000|0.000000|0.000000|0.000000|0|0.000000|0.000000|-120.752072|inf|0
0.000000|0.000000|0.000000|0.000000|0|1257.950490|nan|-56.707822|-inf|-27672|0.000000|0.000000|0.000000|0.000000|0|0.000000|0.000000|0.000000|0.000000|0|0.000000|0.000000|-156.895757|inf|0
0.000000|0.000000|0.000000|0.000000|0|985.889491|nan|145.096192|-inf|-27672|0.000000|0.000000|0.000000|0.000000|0|0.000000|0.000000|0.000000|0.000000|0|0.000000|0.000000|-224.918321|inf|0
0.000000|0.000000|0.000000|0.000000|0|673.762557|nan|42.321397|-inf|-27672|0.000000|0.000000|0.000000|0.000000|0|0.000000|0.000000|0.000000|0.000000|0|0.000000|0.000000|6.662917|inf|0
0.000000|0.000000|0.000000|0.000000|0|479.405113|nan|-140.475589|-inf|-27672|0.000000|0.000000|0.000000|0.000000|0|0.000000|0.000000|0.000000|0.000000|0|0.000000|0.000000|136.222235|inf|0
0.000000|0.000000|0.000000|0.000000|0|492.916497|nan|-60.324352|-inf|-27672|0.000000|0.000000|0.000000|0.000000|0|0.000000|0.000000|0.000000|0.000000|0|0.000000|0.000000|-90.621818|inf|0
0.000000|0.000000|0.000000|0.000000|0|454.851655|nan|-0.810142|-inf|-27672|0.000000|0.000000|0.000000|0.000000|0|0.000000|0.000000|0.000000|0.000000|0|0.000000|0.000000|-102.431457|inf|0
0.000000|0.000000|0.000000|0.000000|0|378.815847|nan|-146.156703|-inf|-27672|0.000000|0.000000|0.000000|0.000000|0|0.000000|0.000000|0.000000|0.000000|0|0.000000|0.000000|92.140551|inf|0
0.000000|0.000000|0.000000|0.000000|0|432.590246|nan|-124.487385|-inf|-27672|0.000000|0.000000|0.000000|0.000000|0|0.000000|0.000000|0.000000|0.000000|0|0.000000|0.000000|-30.246215|inf|0
0.000000|0.000000|0.000000|0.000000|0|455.816882|nan|-97.204921|-inf|-27672|0.000000|0.000000|0.000000|0.000000|0|0.000000|0.000000|0.000000|0.000000|0|0.000000|0.000000|-44.992318|inf|0
0.000000|0.000000|0.000000|0.000000|0|449.187472|nan|-187.597148|-inf|-27672|0.000000|0.000000|0.000000|0.000000|0|0.000000|0.000000|0.000000|0.000000|0|0.000000|0.000000|65.498092|inf|0
0.000000|0.000000|0.000000|0.000000|0|503.175191|nan|-323.428800|-inf|-27672|0.000000|0.000000|0.000000|0.000000|0|0.000000|0.000000|0.000000|0.000000|0|0.000000|0.000000|142.978083|inf|0
0.000000|0.000000|0.000000|0.000000|0|629.816948|nan|-190.616798|-inf|-27672|0.000000|0.000000|0.000000|0.000000|0|0.000000|0.000000|0.000000|0.000000|0|0.000000|0.000000|-82.298191|inf|0
0.000000|0.000000|0.000000|0.000000|0|625.607890|nan|-74.122267|-inf|-27672|0.000000|0.000000|0.000000|0.000000|0|0.000000|0.000000|0.000000|0.000000|0|0.000000|0.000000|-110.251381|inf|0
0.000000|0.000000|0.000000|0.000000|0|545.083182|nan|-168.809715|-inf|-27672|0.000000|0.000000|0.000000|0.000000|0|0.000000|0.000000|0.000000|0.000000|0|0.000000|0.000000|62.099089|inf|0
0.000000|0.000000|0.000000|0.000000|0|554.462794|nan|-66.085671|-inf|-27672|0.000000|0.000000|0.000000|0.000000|0|0.000000|0.000000|0.000000|0.000000|0|0.000000|0.000000|-103.749915|inf|0
0.000000|0.000000|0.000000|0.000000|0|494.260883|nan|23.199633|-inf|-27672|0.000000|0.000000|0.000000|0.000000|0|0.000000|0.000000|0.000000|0.000000|0|0.000000|0.000000|-124.552527|inf|0
0.000000|0.000000|0.000000|0.000000|0|390.665197|nan|52.664821|-inf|-27672|0.000000|0.000000|0.000000|0.000000|0|0.000000|0.000000|0.000000|0.000000|0|0.000000|0.000000|-92.584318|inf|0
0.000000|0.000000|0.000000|0.000000|0|303.929969|nan|-2.479924|-inf|-27672|0.000000|0.000000|0.000000|0.000000|0|0.000000|0.000000|0.000000|0.000000|0|0.000000|0.000000|-17.796116|inf|0
0.000000|0.000000|0.000000|0.000000|0|282.869663|nan|6.391077|-inf|-27672|0.000000|0.000000|0.000000|0.000000|0|0.000000|0.000000|0.000000|0.000000|0|0.000000|0.000000|-61.520423|inf|0
0.000000|0.000000|0.000000|0.000000|0|257.123670|nan|-103.694701|-inf|-27672|0.000000|0.000000|0.000000|0.000000|0|0.000000|0.000000|0.000000|0.000000|0|0.000000|0.000000|58.299071|inf|0
0.000000|0.000000|0.000000|0.000000|0|317.099982|nan|-44.970490|-inf|-27672|0.000000|0.000000|0.000000|0.000000|0|0.000000|0.000000|0.000000|0.000000|0|0.000000|0.000000|-73.815653|inf|0
0.000000|0.000000|0.000000|0.000000|0|320.127870|nan|-125.919206|-inf|-27672|0.000000|0.000000|0.000000|0.000000|0|0.000000|0.000000|0.000000|0.000000|0|0.000000|0.000000|44.372678|inf|0
0.000000|0.000000|0.000000|0.000000|0|372.371510|nan|-31.403974|-inf|-27672|0.000000|0.000000|0.000000|0.000000|0|0.000000|0.000000|0.000000|0.000000|0|0.000000|0.000000|-102.198514|inf|0
0.000000|0.000000|0.000000|0.000000|0|342.280579|nan|135.049886|-inf|-27672|0.000000|0.000000|0.000000|0.000000|0|0.000000|0.000000|0.000000|0.000000|0|0.000000|0.000000|-205.642214|inf|0
0.000000|0.000000|0.000000|0.000000|0|211.285259|nan|187.021008|-inf|-27672|0.000000|0.000000|0.000000|0.000000|0|0.000000|0.000000|0.000000|0.000000|0|0.000000|0.000000|-146.644106|inf|0
0.000000|0.000000|0.000000|0.000000|0|87.238950|nan|254.911024|-inf|-27672|0.000000|0.000000|0.000000|0.000000|0|0.000000|0.000000|0.000000|0.000000|0|0.000000|0.000000|-179.886701|inf|0
0.000000|0.000000|0.000000|0.000000|0|-38.858893|nan|219.200361|-inf|-27672|0.000000|0.000000|0.000000|0.000000|0|0.000000|0.000000|0.000000|0.000000|0|0.000000|0.000000|-98.916011|inf|0
0.000000|0.000000|0.000000|0.000000|0|-102.841234|nan|198.708560|-inf|-27672|0.000000|0.000000|0.000000|0.000000|0|0.000000|0.000000|0.000000|0.000000|0|0.000000|0.000000|-102.231338|inf|0
0.000000|0.000000|0.000000|0.000000|0|-133.631324|nan|298.029424|-inf|-27672|0.000000|0.000000|0.000000|0.000000|0|0.000000|0.000000|0.000000|0.000000|0|0.000000|0.000000|-215.213406|inf|0
0.000000|0.000000|0.000000|0.000000|0|-218.575593|nan|445.294276|-inf|-27672|0.000000|0.000000|0.000000|0.000000|0|0.000000|0.000000|0.000000|0.000000|0|0.000000|0.000000|-296.264343|inf|0
0.000000|0.000000|0.000000|0.000000|0|-373.532805|nan|519.200610|-inf|-27672|0.000000|0.000000|0.000000|0.000000|0|0.000000|0.000000|0.000000|0.000000|0|0.000000|0.000000|-270.084229|inf|0
0.000000|0.000000|0.000000|0.000000|0|-526.410453|nan|652.240581|-inf|-27672|0.000000|0.000000|0.000000|0.000000|0|0.000000|0.000000|0.000000|0.000000|0|0.000000|0.000000|-351.943491|inf|0
0.000000|0.000000|0.000000|0.000000|0|-718.932020|nan|533.856114|-inf|-27672|0.000000|0.000000|0.000000|0.000000|0|0.000000|0.000000|0.000000|0.000000|0|0.000000|0.000000|-141.045891|inf|0
0.000000|0.000000|0.000000|0.000000|0|-766.356463|nan|417.467068|-inf|-27672|0.000000|0.000000|0.000000|0.000000|0|0.000000|0.000000|0.000000|0.000000|0|0.000000|0.000000|-105.489750|inf|0
0.000000|0.000000|0.000000|0.000000|0|-718.152954|nan|195.849133|-inf|-27672|0.000000|0.000000|0.000000|0.000000|0|0.000000|0.000000|0.000000|0.000000|0|0.000000|0.000000|38.535480|inf|0
0.000000|0.000000|0.000000|0.000000|0|-537.954238|nan|177.450418|-inf|-27672|0.000000|0.000000|0.000000|0.000000|0|0.000000|0.000000|0.000000|0.000000|0|0.000000|0.000000|-90.811096|inf|0
0.000000|0.000000|0.000000|0.000000|0|-407.407978|nan|108.176218|-inf|-27672|0.000000|0.000000|0.000000|0.000000|0|0.000000|0.000000|0.000000|0.000000|0|0.000000|0.000000|-31.892845|inf|0
0.000000|0.000000|0.000000|0.000000|0|-274.274111|nan|223.249817|-inf|-27672|0.000000|0.000000|0.000000|0.000000|0|0.000000|0.000000|0.000000|0.000000|0|0.000000|0.000000|-196.968949|inf|0
0.000000|0.000000|0.000000|0.000000|0|-262.339122|nan|274.416286|-inf|-27672|0.000000|0.000000|0.000000|0.000000|0|0.000000|0.000000|0.000000|0.000000|0|0.000000|0.000000|-171.419685|inf|0
0.000000|0.000000|0.000000|0.000000|0|-288.852078|nan|406.085974|-inf|-27672|0.000000|0.000000|0.000000|0.000000|0|0.000000|0.000000|0.000000|0.000000|0|0.000000|0.000000|-270.888260|inf|0
0.000000|0.000000|0.000000|0.000000|0|-396.456673|nan|413.118983|-inf|-27672|0.000000|0.000000|0.000000|0.000000|0|0.000000|0.000000|0.000000|0.000000|0|0.000000|0.000000|-190.141470|inf|0
0.000000|0.000000|0.000000|0.000000|0|-472.881820|nan|405.993341|-inf|-27672|0.000000|0.000000|0.000000|0.000000|0|0.000000|0.000000|0.000000|0.000000|0|0.000000|0.000000|-178.327188|inf|0
0.000000|0.000000|0.000000|0.000000|0|-517.001894|nan|255.856861|-inf|-27672|0.000000|0.000000|0.000000|0.000000|0|0.000000|0.000000|0.000000|0.000000|0|0.000000|0.000000|-34.850979|inf|0
0.000000|0.000000|0.000000|0.000000|0|-444.131039|nan|6.639012|-inf|-27672|0.000000|0.000000|0.000000|0.000000|0|0.000000|0.000000|0.000000|0.000000|0|0.000000|0.000000|116.185751|inf|0
0.000000|0.000000|0.000000|0.000000|0|-231.169874|nan|77.847725|-inf|-27672|0.000000|0.000000|0.000000|0.000000|0|0.000000|0.000000|0.000000|0.000000|0|0.000000|0.000000|-119.258343|inf|0
0.000000|0.000000|0.000000|0.000000|0|-138.644394|nan|114.215315|-inf|-27672|0.000000|0.000000|0.000000|0.000000|0|0.000000|0.000000|0.000000|0.000000|0|0.000000|0.000000|-104.333739|inf|0
0.000000|0.000000|0.000000|0.000000|0|-101.205807|nan|96.043024|-inf|-27672|0.000000|0.000000|0.000000|0.000000|0|0.000000|0.000000|0.000000|0.000000|0|0.000000|0.000000|-60.006533|inf|0
0.000000|0.000000|0.000000|0.000000|0|-64.424195|nan|29.548525|-inf|-27672|0.000000|0.000000|0.000000|0.000000|0|0.000000|0.000000|0.000000|0.000000|0|0.000000|0.000000|-5.626887|inf|0
0.000000|0.000000|0.000000|0.000000|0|2.516689|nan|-75.862412|-inf|-27672|0.000000|0.000000|0.000000|0.000000|0|0.000000|0.000000|0.000000|0.000000|0|0.000000|0.000000|55.454385|inf|0
0.000000|0.000000|0.000000|0.000000|0|117.347949|nan|6.038577|-inf|-27672|0.000000|0.000000|0.000000|0.000000|0|0.000000|0.000000|0.000000|0.000000|0|0.000000|0.000000|-98.630428|inf|0
0.000000|0.000000|0.000000|0.000000|0|141.211321|nan|-81.099551|-inf|-27672|0.000000|0.000000|0.000000|0.000000|0|0.000000|0.000000|0.000000|0.000000|0|0.000000|0.000000|41.198506|inf|0
0.000000|0.000000|0.000000|0.000000|0|215.495657|nan|-110.179925|-inf|-27672|0.000000|0.000000|0.000000|0.000000|0|0.000000|0.000000|0.000000|0.000000|0|0.000000|0.000000|10.276937|inf|0
0.000000|0.000000|0.000000|0.000000|0|282.495633|nan|-164.338397|-inf|-27672|0.000000|0.000000|0.000000|0.000000|0|0.000000|0.000000|0.000000|0.000000|0|0.000000|0.000000|45.048479|inf|0
0.000000|0.000000|0.000000|0.000000|0|361.399338|nan|-46.008149|-inf|-27672|0.000000|0.000000|0.000000|0.000000|0|0.000000|0.000000|0.000000|0.000000|0|0.000000|0.000000|-105.567695|inf|0
0.000000|0.000000|0.000000|0.000000|0|334.860291|nan|-74.885198|-inf|-27672|0.000000|0.000000|0.000000|0.000000|0|0.000000|0.000000|0.000000|0.000000|0|0.000000|0.000000|4.106048|inf|0
0.000000|0.000000|0.000000|0.000000|0|330.689390|nan|69.570167|-inf|-27672|0.000000|0.000000|0.000000|0.000000|0|0.000000|0.000000|0.000000|0.000000|0|0.000000|0.000000|-153.871104|inf|0
0.000000|0.000000|0.000000|0.000000|0|237.589440|nan|187.158034|-inf|-27672|0.000000|0.000000|0.000000|0.000000|0|0.000000|0.000000|0.000000|0.000000|0|0.000000|0.000000|-177.065256|inf|0
0.000000|0.000000|0.000000|0.000000|0|101.111095|nan|175.970444|-inf|-27672|0.000000|0.000000|0.000000|0.000000|0|0.000000|0.000000|0.000000|0.000000|0|0.000000|0.000000|-89.395614|inf|0
0.000000|0.000000|0.000000|0.000000|0|17.583912|nan|-19.804796|-inf|-27672|0.000000|0.000000|0.000000|0.000000|0|0.000000|0.000000|0.000000|0.000000|0|0.000000|0.000000|97.011388|inf|0
0.000000|0.000000|0.000000|0.000000|0|84.720010|nan|-39.680271|-inf|-27672|0.000000|0.000000|0.000000|0.000000|0|0.000000|0.000000|0.000000|0.000000|0|0.000000|0.000000|-9.810254|inf|0
0.000000|0.000000|0.000000|0.000000|0|140.751565|nan|-119.226034|-inf|-27672|0.000000|0.000000|0.000000|0.000000|0|0.000000|0.000000|0.000000|0.000000|0|0.000000|0.000000|56.485191|inf|0
0.000000|0.000000|0.000000|0.000000|0|236.787080|nan|-289.028174|-inf|-27672|0.000000|0.000000|0.000000|0.000000|0|0.000000|0.000000|0.000000|0.000000|0|0.000000|0.000000|163.707509|inf|0
0.000000|0.000000|0.000000|0.000000|0|417.736458|nan|-213.970280|-inf|-27672|0.000000|0.000000|0.000000|0.000000|0|0.000000|0.000000|0.000000|0.000000|0|0.000000|0.000000|-28.371528|inf|0
0.000000|0.000000|0.000000|0.000000|0|482.545470|nan|-70.256445|-inf|-27672|0.000000|0.000000|0.000000|0.000000|0|0.000000|0.000000|0.000000|0.000000|0|0.000000|0.000000|-120.136891|inf|0
0.000000|0.000000|0.000000|0.000000|0|431.957978|nan|-8.763276|-inf|-27672|0.000000|0.000000|0.000000|0.000000|0|0.000000|0.000000|0.000000|0.000000|0|0.000000|0.000000|-85.820845|inf|0
0.000000|0.000000|0.000000|0.000000|0|358.979336|nan|-126.245200|-inf|-27672|0.000000|0.000000|0.000000|0.000000|0|0.000000|0.000000|0.000000|0.000000|0|0.000000|0.000000|72.656539|inf|0
0.000000|0.000000|0.000000|0.000000|0|394.138085|nan|-321.677241|-inf|-27672|0.000000|0.000000|0.000000|0.000000|0|0.000000|0.000000|0.000000|0.000000|0|0.000000|0.000000|187.857426|inf|0
0.000000|0.000000|0.000000|0.000000|0|544.136024|nan|-293.853180|-inf|-27672|0.000000|0.000000|0.000000|0.000000|0|0.000000|0.000000|0.000000|0.000000|0|0.000000|0.000000|35.474900|inf|0
0.000000|0.000000|0.000000|0.000000|0|625.390412|nan|-299.766159|-inf|-27672|0.000000|0.000000|0.000000|0.000000|0|0.000000|0.000000|0.000000|0.000000|0|0.000000|0.000000|63.756981|inf|0
0.000000|0.000000|0.000000|0.000000|0|679.956389|nan|-467.712159|-inf|-27672|0.000000|0.000000|0.000000|0.000000|0|0.000000|0.000000|0.000000|0.000000|0|0.000000|0.000000|233.490598|inf|0
0.000000|0.000000|0.000000|0.000000|0|830.339781|nan|-631.716432|-inf|-27672|0.000000|0.000000|0.000000|0.000000|0|0.000000|0.000000|0.000000|0.000000|0|0.000000|0.000000|285.530845|inf|0
0.000000|0.000000|0.000000|0.000000|0|1040.037376|nan|-695.532047|-inf|-27672|0.000000|0.000000|0.000000|0.000000|0|0.000000|0.000000|0.000000|0.000000|0|0.000000|0.000000|240.010259|inf|0
0.000000|0.000000|0.000000|0.000000|0|1220.660285|nan|-587.407517|-inf|-27672|0.000000|0.000000|0.000000|0.000000|0|0.000000|0.000000|0.000000|0.000000|0|0.000000|0.000000|87.432182|inf|0
0.000000|0.000000|0.000000|0.000000|0|1267.082704|nan|-426.974866|-inf|-27672|0.000000|0.000000|0.000000|0.000000|0|0.000000|0.000000|0.000000|0.000000|0|0.000000|0.000000|-2.827374|inf|0
0.000000|0.000000|0.000000|0.000000|0|1191.157559|nan|-376.348091|-inf|-27672|0.000000|0.000000|0.000000|0.000000|0|0.000000|0.000000|0.000000|0.000000|0|0.000000|0.000000|51.591147|inf|0
Adding "flash"'s dependency "all" to list of commands with default set of options.
Executing action: all (aliases: build)
Running ninja in directory /home/filipe/sensor-luva/udp/build
Executing "ninja all"...
Executing action: flash
Choosing default port b'/dev/ttyUSB0' (use '-p PORT' option to set a specific serial port)
Running esptool.py in directory /home/filipe/sensor-luva/udp/build
Executing "/home/filipe/.espressif/python_env/idf4.1_py3.8_env/bin/python /home/filipe/esp/esp-idf/components/esptool_py/esptool/esptool.py -p /dev/ttyUSB0 -b 460800 --before default_reset --after hard_reset --chip esp32 write_flash @flash_project_args"...
Executing action: monitor
Running idf_monitor in directory /home/filipe/sensor-luva/udp
Executing "/home/filipe/.espressif/python_env/idf4.1_py3.8_env/bin/python /home/filipe/esp/esp-idf/tools/idf_monitor.py -p /dev/ttyUSB0 -b 115200 --toolchain-prefix xtensa-esp32-elf- /home/filipe/sensor-luva/udp/build/udp_server.elf -m '/home/filipe/.espressif/python_env/idf4.1_py3.8_env/bin/python' '/home/filipe/esp/esp-idf/tools/idf.py'"...
Done
