0.05,-1.31,62.71,25.13,3008.00,0.00,-6.89,0.00,-6.89,0.00,0.00,-6.89,0.00,-6.89,0.00,0.00,-6.89,0.00,-6.89,0.00,0.00,-6.89,0.16,6.89,0.00
00.07,-1.21,66.15,24.71,3008.00,0.00,-6.90,0.00,-6.90,0.00,0.00,-6.90,0.00,-6.90,0.00,0.00,-6.90,0.00,-6.90,0.00,0.00,-6.90,0.18,6.90,0.00
00.08,-1.27,64.66,24.93,3008.00,0.00,-6.91,0.00,-6.91,0.00,0.00,-6.91,0.00,-6.91,0.00,0.00,-6.91,0.00,-6.91,0.00,0.00,-6.91,0.06,6.91,0.00
00.09,-1.12,63.83,24.82,3008.00,0.00,-6.84,0.00,-6.84,0.00,0.00,-6.84,0.00,-6.84,0.00,0.00,-6.84,0.00,-6.84,0.00,0.00,-6.84,0.12,6.84,0.00
00.05,-1.25,63.38,25.07,3008.00,0.00,-6.88,0.00,-6.88,0.00,0.00,-6.88,0.00,-6.88,0.00,0.00,-6.88,0.00,-6.88,0.00,0.00,-6.88,0.11,6.88,0.00
00.03,-1.37,63.11,24.84,3008.00,0.00,-7.03,0.00,-7.03,0.00,0.00,-7.03,0.00,-7.03,0.00,0.00,-7.03,0.00,-7.03,0.00,0.00,-7.03,0.15,7.03,0.00
00.02,-1.51,62.92,25.04,3008.00,0.00,-7.01,0.00,-7.01,0.00,0.00,-7.01,0.00,-7.01,0.00,0.00,-7.01,0.00,-7.01,0.00,0.00,-7.01,0.17,7.01,0.00
00.01,-1.49,62.80,25.19,3008.00,0.00,-6.93,0.00,-6.93,0.00,0.00,-6.93,0.00,-6.93,0.00,0.00,-6.93,0.00,-6.93,0.00,0.00,-6.93,0.18,6.93,0.00
00.05,-1.45,62.73,25.35,3008.00,0.00,-6.85,0.00,-6.85,0.00,0.00,-6.85,0.00,-6.85,0.00,0.00,-6.85,0.00,-6.85,0.00,0.00,-6.85,0.15,6.85,0.00
00.07,-1.89,62.73,25.46,3008.00,0.00,-6.97,0.00,-6.97,0.00,0.00,-6.97,0.00,-6.97,0.00,0.00,-6.97,0.00,-6.97,0.00,0.00,-6.97,0.21,6.97,0.00
00.12,-1.83,62.69,25.23,3008.00,0.00,-6.95,0.00,-6.95,0.00,0.00,-6.95,0.00,-6.95,0.00,0.00,-6.95,0.00,-6.95,0.00,0.00,-6.95,0.25,6.95,0.00
00.07,-1.66,62.71,25.40,3008.00,0.00,-6.93,0.00,-6.93,0.00,0.00,-6.93,0.00,-6.93,0.00,0.00,-6.93,0.00,-6.93,0.00,0.00,-6.93,0.15,6.93,0.00
00.04,-1.69,62.68,25.44,3008.00,0.00,-6.95,0.00,-6.95,0.00,0.00,-6.95,0.00,-6.95,0.00,0.00,-6.95,0.00,-6.95,0.00,0.00,-6.95,0.21,6.95,0.00
00.03,-1.70,62.62,25.45,3008.00,0.00,-6.98,0.00,-6.98,0.00,0.00,-6.98,0.00,-6.98,0.00,0.00,-6.98,0.00,-6.98,0.00,0.00,-6.98,0.12,6.98,0.00
00.01,-1.76,62.71,25.32,3008.00,0.00,-7.00,0.00,-7.00,0.00,0.00,-7.00,0.00,-7.00,0.00,0.00,-7.00,0.00,-7.00,0.00,0.00,-7.00,0.15,7.00,0.00
00.09,-1.69,62.72,25.10,3008.00,0.00,-7.01,0.00,-7.01,0.00,0.00,-7.01,0.00,-7.01,0.00,0.00,-7.01,0.00,-7.01,0.00,0.00,-7.01,0.26,7.01,0.00
00.05,-1.56,62.73,24.86,3008.00,0.00,-6.96,0.00,-6.96,0.00,0.00,-6.96,0.00,-6.96,0.00,0.00,-6.96,0.00,-6.96,0.00,0.00,-6.96,0.23,6.96,0.00
00.07,-1.40,62.73,24.87,3008.00,0.00,-6.89,0.00,-6.89,0.00,0.00,-6.89,0.00,-6.89,0.00,0.00,-6.89,0.00,-6.89,0.00,0.00,-6.89,0.22,6.89,0.00
00.08,-1.51,62.69,25.00,3008.00,0.00,-7.01,0.00,-7.01,0.00,0.00,-7.01,0.00,-7.01,0.00,0.00,-7.01,0.00,-7.01,0.00,0.00,-7.01,0.17,7.01,0.00
00.05,-1.50,62.75,24.97,3008.00,0.00,-7.01,0.00,-7.01,0.00,0.00,-7.01,0.00,-7.01,0.00,0.00,-7.01,0.00,-7.01,0.00,0.00,-7.01,0.22,7.01,0.00
00.03,-1.26,62.78,24.94,3008.00,0.00,-6.89,0.00,-6.89,0.00,0.00,-6.89,0.00,-6.89,0.00,0.00,-6.89,0.00,-6.89,0.00,0.00,-6.89,0.26,6.89,0.00
00.02,-1.33,62.81,24.87,3008.00,0.00,-6.88,0.00,-6.88,0.00,0.00,-6.88,0.00,-6.88,0.00,0.00,-6.88,0.00,-6.88,0.00,0.00,-6.88,0.15,6.88,0.00
00.05,-1.45,62.65,24.91,3008.00,0.00,-6.95,0.00,-6.95,0.00,0.00,-6.95,0.00,-6.95,0.00,0.00,-6.95,0.00,-6.95,0.00,0.00,-6.95,0.17,6.95,0.00
00.03,-1.34,62.69,24.84,3008.00,0.00,-6.94,0.00,-6.94,0.00,0.00,-6.94,0.00,-6.94,0.00,0.00,-6.94,0.00,-6.94,0.00,0.00,-6.94,0.18,6.94,0.00
00.02,-1.25,62.71,24.94,3008.00,0.00,-6.87,0.00,-6.87,0.00,0.00,-6.87,0.00,-6.87,0.00,0.00,-6.87,0.00,-6.87,0.00,0.00,-6.87,0.11,6.87,0.00
00.09,-1.40,62.72,25.10,3008.00,0.00,-6.91,0.00,-6.91,0.00,0.00,-6.91,0.00,-6.91,0.00,0.00,-6.91,0.00,-6.91,0.00,0.00,-6.91,0.19,6.91,0.00
00.14,-1.29,62.68,24.99,3008.00,0.00,-6.88,0.00,-6.88,0.00,0.00,-6.88,0.00,-6.88,0.00,0.00,-6.88,0.00,-6.88,0.00,0.00,-6.88,0.23,6.88,0.00
00.08,-1.51,62.66,24.91,3008.00,0.00,-7.04,0.00,-7.04,0.00,0.00,-7.04,0.00,-7.04,0.00,0.00,-7.04,0.00,-7.04,0.00,0.00,-7.04,0.22,7.04,0.00
00.05,-1.41,62.61,25.14,3008.00,0.00,-6.94,0.00,-6.94,0.00,0.00,-6.94,0.00,-6.94,0.00,0.00,-6.94,0.00,-6.94,0.00,0.00,-6.94,0.21,6.94,0.00
00.03,-1.30,62.62,24.97,3008.00,0.00,-6.91,0.00,-6.91,0.00,0.00,-6.91,0.00,-6.91,0.00,0.00,-6.91,0.00,-6.91,0.00,0.00,-6.91,0.21,6.91,0.00
00.02,-1.32,62.67,24.93,3008.00,0.00,-6.98,0.00,-6.98,0.00,0.00,-6.98,0.00,-6.98,0.00,0.00,-6.98,0.00,-6.98,0.00,0.00,-6.98,0.16,6.98,0.00
00.01,-1.37,62.61,25.11,3008.00,0.00,-6.95,0.00,-6.95,0.00,0.00,-6.95,0.00,-6.95,0.00,0.00,-6.95,0.00,-6.95,0.00,0.00,-6.95,0.18,6.95,0.00
00.01,-1.60,62.66,25.13,3008.00,0.00,-7.06,0.00,-7.06,0.00,0.00,-7.06,0.00,-7.06,0.00,0.00,-7.06,0.00,-7.06,0.00,0.00,-7.06,0.10,7.06,0.00
00.04,-1.66,62.65,25.21,3008.00,0.00,-7.03,0.00,-7.03,0.00,0.00,-7.03,0.00,-7.03,0.00,0.00,-7.03,0.00,-7.03,0.00,0.00,-7.03,0.19,7.03,0.00
00.03,-1.67,62.69,25.02,3008.00,0.00,-7.09,0.00,-7.09,0.00,0.00,-7.09,0.00,-7.09,0.00,0.00,-7.09,0.00,-7.09,0.00,0.00,-7.09,0.19,7.09,0.00
00.02,-1.51,62.66,24.70,3008.00,0.00,-7.03,0.00,-7.03,0.00,0.00,-7.03,0.00,-7.03,0.00,0.00,-7.03,0.00,-7.03,0.00,0.00,-7.03,0.15,7.03,0.00
00.05,-1.41,62.69,24.57,3008.00,0.00,-7.05,0.00,-7.05,0.00,0.00,-7.05,0.00,-7.05,0.00,0.00,-7.05,0.00,-7.05,0.00,0.00,-7.05,0.09,7.05,0.00
00.03,-1.62,62.63,25.03,3008.00,0.00,-7.10,0.00,-7.10,0.00,0.00,-7.10,0.00,-7.10,0.00,0.00,-7.10,0.00,-7.10,0.00,0.00,-7.10,0.14,7.10,0.00
00.02,-1.42,62.63,24.92,3008.00,0.00,-6.98,0.00,-6.98,0.00,0.00,-6.98,0.00,-6.98,0.00,0.00,-6.98,0.00,-6.98,0.00,0.00,-6.98,0.12,6.98,0.00
00.01,-1.12,62.67,24.71,3008.00,0.00,-6.89,0.00,-6.89,0.00,0.00,-6.89,0.00,-6.89,0.00,0.00,-6.89,0.00,-6.89,0.00,0.00,-6.89,0.11,6.89,0.00
00.01,-1.05,62.70,24.61,3008.00,0.00,-6.91,0.00,-6.91,0.00,0.00,-6.91,0.00,-6.91,0.00,0.00,-6.91,0.00,-6.91,0.00,0.00,-6.91,0.07,6.91,0.00
00.04,-1.26,62.67,24.79,3008.00,0.00,-7.00,0.00,-7.00,0.00,0.00,-7.00,0.00,-7.00,0.00,0.00,-7.00,0.00,-7.00,0.00,0.00,-7.00,0.12,7.00,0.00
00.03,-1.49,62.66,24.82,3008.00,0.00,-7.04,0.00,-7.04,0.00,0.00,-7.04,0.00,-7.04,0.00,0.00,-7.04,0.00,-7.04,0.00,0.00,-7.04,0.07,7.04,0.00
00.02,-1.44,62.69,25.27,3008.00,0.00,-6.84,0.00,-6.84,0.00,0.00,-6.84,0.00,-6.84,0.00,0.00,-6.84,0.00,-6.84,0.00,0.00,-6.84,0.04,6.84,0.00
00.01,-1.32,62.71,25.04,3008.00,0.00,-6.83,0.00,-6.83,0.00,0.00,-6.83,0.00,-6.83,0.00,0.00,-6.83,0.00,-6.83,0.00,0.00,-6.83,0.19,6.83,0.00
00.01,-1.30,62.76,24.95,3008.00,0.00,-6.84,0.00,-6.84,0.00,0.00,-6.84,0.00,-6.84,0.00,0.00,-6.84,0.00,-6.84,0.00,0.00,-6.84,0.15,6.84,0.00
00.04,-1.34,62.75,24.83,3008.00,0.00,-6.93,0.00,-6.93,0.00,0.00,-6.93,0.00,-6.93,0.00,0.00,-6.93,0.00,-6.93,0.00,0.00,-6.93,0.21,6.93,0.00
00.07,-1.37,62.70,24.90,3008.00,0.00,-6.89,0.00,-6.89,0.00,0.00,-6.89,0.00,-6.89,0.00,0.00,-6.89,0.00,-6.89,0.00,0.00,-6.89,0.17,6.89,0.00
00.04,-1.43,62.72,25.00,3008.00,0.00,-6.97,0.00,-6.97,0.00,0.00,-6.97,0.00,-6.97,0.00,0.00,-6.97,0.00,-6.97,0.00,0.00,-6.97,0.18,6.97,0.00
00.02,-1.53,62.72,25.22,3008.00,0.00,-6.91,0.00,-6.91,0.00,0.00,-6.91,0.00,-6.91,0.00,0.00,-6.91,0.00,-6.91,0.00,0.00,-6.91,0.27,6.91,0.00
00.01,-1.50,62.73,25.26,3008.00,0.00,-6.85,0.00,-6.85,0.00,0.00,-6.85,0.00,-6.85,0.00,0.00,-6.85,0.00,-6.85,0.00,0.00,-6.85,0.16,6.85,0.00
00.01,-1.54,62.77,25.28,3008.00,0.00,-6.88,0.00,-6.88,0.00,0.00,-6.88,0.00,-6.88,0.00,0.00,-6.88,0.00,-6.88,0.00,0.00,-6.88,0.13,6.88,0.00
00.00,-1.36,62.76,25.14,3008.00,0.00,-6.83,0.00,-6.83,0.00,0.00,-6.83,0.00,-6.83,0.00,0.00,-6.83,0.00,-6.83,0.00,0.00,-6.83,0.12,6.83,0.00
00.04,-1.38,62.75,25.18,3008.00,0.00,-6.83,0.00,-6.83,0.00,0.00,-6.83,0.00,-6.83,0.00,0.00,-6.83,0.00,-6.83,0.00,0.00,-6.83,0.19,6.83,0.00
00.03,-1.17,62.74,24.96,3008.00,0.00,-6.85,0.00,-6.85,0.00,0.00,-6.85,0.00,-6.85,0.00,0.00,-6.85,0.00,-6.85,0.00,0.00,-6.85,0.16,6.85,0.00
00.06,-1.14,62.74,24.86,3008.00,0.00,-6.91,0.00,-6.91,0.00,0.00,-6.91,0.00,-6.91,0.00,0.00,-6.91,0.00,-6.91,0.00,0.00,-6.91,0.09,6.91,0.00
00.03,-1.30,62.70,25.02,3008.00,0.00,-6.87,0.00,-6.87,0.00,0.00,-6.87,0.00,-6.87,0.00,0.00,-6.87,0.00,-6.87,0.00,0.00,-6.87,0.14,6.87,0.00
00.02,-1.43,62.71,25.04,3008.00,0.00,-6.93,0.00,-6.93,0.00,0.00,-6.93,0.00,-6.93,0.00,0.00,-6.93,0.00,-6.93,0.00,0.00,-6.93,0.08,6.93,0.00
00.01,-1.49,62.72,24.93,3008.00,0.00,-6.95,0.00,-6.95,0.00,0.00,-6.95,0.00,-6.95,0.00,0.00,-6.95,0.00,-6.95,0.00,0.00,-6.95,0.17,6.95,0.00
00.01,-1.30,62.69,24.76,3008.00,0.00,-6.94,0.00,-6.94,0.00,0.00,-6.94,0.00,-6.94,0.00,0.00,-6.94,0.00,-6.94,0.00,0.00,-6.94,0.10,6.94,0.00
00.00,-1.29,62.66,24.84,3008.00,0.00,-6.99,0.00,-6.99,0.00,0.00,-6.99,0.00,-6.99,0.00,0.00,-6.99,0.00,-6.99,0.00,0.00,-6.99,0.14,6.99,0.00
00.00,-1.36,62.61,24.78,3008.00,0.00,-7.07,0.00,-7.07,0.00,0.00,-7.07,0.00,-7.07,0.00,0.00,-7.07,0.00,-7.07,0.00,0.00,-7.07,0.29,7.07,0.00
00.00,-1.52,62.62,25.05,3008.00,0.00,-7.02,0.00,-7.02,0.00,0.00,-7.02,0.00,-7.02,0.00,0.00,-7.02,0.00,-7.02,0.00,0.00,-7.02,0.29,7.02,0.00
00.00,-1.54,62.63,25.17,3008.00,0.00,-6.98,0.00,-6.98,0.00,0.00,-6.98,0.00,-6.98,0.00,0.00,-6.98,0.00,-6.98,0.00,0.00,-6.98,0.26,6.98,0.00
00.00,-1.76,62.63,25.08,3008.00,0.00,-7.05,0.00,-7.05,0.00,0.00,-7.05,0.00,-7.05,0.00,0.00,-7.05,0.00,-7.05,0.00,0.00,-7.05,0.19,7.05,0.00
00.00,-1.60,62.67,25.06,3008.00,0.00,-6.96,0.00,-6.96,0.00,0.00,-6.96,0.00,-6.96,0.00,0.00,-6.96,0.00,-6.96,0.00,0.00,-6.96,0.15,6.96,0.00
00.00,-1.61,66.05,25.06,3008.00,0.00,-7.01,0.00,-7.01,0.00,0.00,-7.01,0.00,-7.01,0.00,0.00,-7.01,0.00,-7.01,0.00,0.00,-7.01,0.21,7.01,0.00
00.00,-1.62,64.68,25.07,3008.00,0.00,-7.05,0.00,-7.05,0.00,0.00,-7.05,0.00,-7.05,0.00,0.00,-7.05,0.00,-7.05,0.00,0.00,-7.05,0.25,7.05,0.00
00.00,-1.48,63.84,25.29,3008.00,0.00,-6.91,0.00,-6.91,0.00,0.00,-6.91,0.00,-6.91,0.00,0.00,-6.91,0.00,-6.91,0.00,0.00,-6.91,0.27,6.91,0.00
00.08,-1.34,63.38,25.09,3008.00,0.00,-6.92,0.00,-6.92,0.00,0.00,-6.92,0.00,-6.92,0.00,0.00,-6.92,0.00,-6.92,0.00,0.00,-6.92,0.24,6.92,0.00
00.05,-1.46,63.12,25.10,3008.00,0.00,-6.93,0.00,-6.93,0.00,0.00,-6.93,0.00,-6.93,0.00,0.00,-6.93,0.00,-6.93,0.00,0.00,-6.93,0.14,6.93,0.00
00.11,-1.69,62.96,25.27,3008.00,0.00,-7.01,0.00,-7.01,0.00,0.00,-7.01,0.00,-7.01,0.00,0.00,-7.01,0.00,-7.01,0.00,0.00,-7.01,0.17,7.01,0.00
00.19,-1.57,62.83,25.20,3008.00,0.00,-6.93,0.00,-6.93,0.00,0.00,-6.93,0.00,-6.93,0.00,0.00,-6.93,0.00,-6.93,0.00,0.00,-6.93,0.14,6.93,0.00
00.11,-1.51,62.75,25.18,3008.00,0.00,-6.92,0.00,-6.92,0.00,0.00,-6.92,0.00,-6.92,0.00,0.00,-6.92,0.00,-6.92,0.00,0.00,-6.92,0.16,6.92,0.00
00.07,-1.50,62.78,25.18,3008.00,0.00,-6.93,0.00,-6.93,0.00,0.00,-6.93,0.00,-6.93,0.00,0.00,-6.93,0.00,-6.93,0.00,0.00,-6.93,0.18,6.93,0.00
00.04,-1.56,62.72,24.94,3008.00,0.00,-7.07,0.00,-7.07,0.00,0.00,-7.07,0.00,-7.07,0.00,0.00,-7.07,0.00,-7.07,0.00,0.00,-7.07,0.31,7.07,0.00
00.02,-1.60,62.73,25.16,3008.00,0.00,-6.96,0.00,-6.96,0.00,0.00,-6.96,0.00,-6.96,0.00,0.00,-6.96,0.00,-6.96,0.00,0.00,-6.96,0.27,6.96,0.00
00.01,-1.49,66.12,25.20,3008.00,0.00,-6.87,0.00,-6.87,0.00,0.00,-6.87,0.00,-6.87,0.00,0.00,-6.87,0.00,-6.87,0.00,0.00,-6.87,0.20,6.87,0.00
00.01,-1.41,64.73,25.24,3008.00,0.00,-6.84,0.00,-6.84,0.00,0.00,-6.84,0.00,-6.84,0.00,0.00,-6.84,0.00,-6.84,0.00,0.00,-6.84,0.20,6.84,0.00
00.00,-1.42,63.86,25.10,3008.00,0.00,-6.89,0.00,-6.89,0.00,0.00,-6.89,0.00,-6.89,0.00,0.00,-6.89,0.00,-6.89,0.00,0.00,-6.89,0.32,6.89,0.00
00.00,-1.37,63.40,25.23,3008.00,0.00,-6.85,0.00,-6.85,0.00,0.00,-6.85,0.00,-6.85,0.00,0.00,-6.85,0.00,-6.85,0.00,0.00,-6.85,0.19,6.85,0.00
00.00,-1.32,63.13,25.18,3008.00,0.00,-6.90,0.00,-6.90,0.00,0.00,-6.90,0.00,-6.90,0.00,0.00,-6.90,0.00,-6.90,0.00,0.00,-6.90,0.24,6.90,0.00
00.08,-1.43,62.92,25.09,3008.00,0.00,-6.96,0.00,-6.96,0.00,0.00,-6.96,0.00,-6.96,0.00,0.00,-6.96,0.00,-6.96,0.00,0.00,-6.96,0.26,6.96,0.00
00.05,-1.49,62.80,25.15,3008.00,0.00,-6.95,0.00,-6.95,0.00,0.00,-6.95,0.00,-6.95,0.00,0.00,-6.95,0.00,-6.95,0.00,0.00,-6.95,0.28,6.95,0.00
00.07,-1.45,62.78,25.20,3008.00,0.00,-6.89,0.00,-6.89,0.00,0.00,-6.89,0.00,-6.89,0.00,0.00,-6.89,0.00,-6.89,0.00,0.00,-6.89,0.25,6.89,0.00
00.04,-1.43,62.72,25.03,3008.00,0.00,-6.92,0.00,-6.92,0.00,0.00,-6.92,0.00,-6.92,0.00,0.00,-6.92,0.00,-6.92,0.00,0.00,-6.92,0.14,6.92,0.00
00.02,-1.28,62.72,24.85,3008.00,0.00,-6.92,0.00,-6.92,0.00,0.00,-6.92,0.00,-6.92,0.00,0.00,-6.92,0.00,-6.92,0.00,0.00,-6.92,0.08,6.92,0.00
00.01,-1.40,62.69,25.11,3008.00,0.00,-6.95,0.00,-6.95,0.00,0.00,-6.95,0.00,-6.95,0.00,0.00,-6.95,0.00,-6.95,0.00,0.00,-6.95,0.13,6.95,0.00
00.05,-1.45,62.67,25.11,3008.00,0.00,-6.97,0.00,-6.97,0.00,0.00,-6.97,0.00,-6.97,0.00,0.00,-6.97,0.00,-6.97,0.00,0.00,-6.97,0.08,6.97,0.00
00.03,-1.47,62.69,25.01,3008.00,0.00,-6.99,0.00,-6.99,0.00,0.00,-6.99,0.00,-6.99,0.00,0.00,-6.99,0.00,-6.99,0.00,0.00,-6.99,0.17,6.99,0.00
00.06,-1.63,62.71,25.05,3008.00,0.00,-7.05,0.00,-7.05,0.00,0.00,-7.05,0.00,-7.05,0.00,0.00,-7.05,0.00,-7.05,0.00,0.00,-7.05,0.22,7.05,0.00
00.03,-1.38,62.72,25.10,3008.00,0.00,-6.92,0.00,-6.92,0.00,0.00,-6.92,0.00,-6.92,0.00,0.00,-6.92,0.00,-6.92,0.00,0.00,-6.92,0.17,6.92,0.00
00.02,-1.39,62.73,25.11,3008.00,0.00,-6.90,0.00,-6.90,0.00,0.00,-6.90,0.00,-6.90,0.00,0.00,-6.90,0.00,-6.90,0.00,0.00,-6.90,0.14,6.90,0.00
00.05,-1.33,62.69,25.05,3008.00,0.00,-6.85,0.00,-6.85,0.00,0.00,-6.85,0.00,-6.85,0.00,0.00,-6.85,0.00,-6.85,0.00,0.00,-6.85,0.08,6.85,0.00
00.03,-1.38,62.67,25.07,3008.00,0.00,-6.91,0.00,-6.91,0.00,0.00,-6.91,0.00,-6.91,0.00,0.00,-6.91,0.00,-6.91,0.00,0.00,-6.91,0.21,6.91,0.00
00.02,-1.45,62.65,25.02,3008.00,0.00,-7.00,0.00,-7.00,0.00,0.00,-7.00,0.00,-7.00,0.00,0.00,-7.00,0.00,-7.00,0.00,0.00,-7.00,0.21,7.00,0.00
00.01,-1.50,62.69,24.85,3008.00,0.00,-7.04,0.00,-7.04,0.00,0.00,-7.04,0.00,-7.04,0.00,0.00,-7.04,0.00,-7.04,0.00,0.00,-7.04,0.25,7.04,0.00
00.09,-1.56,62.67,25.01,3008.00,0.00,-7.01,0.00,-7.01,0.00,0.00,-7.01,0.00,-7.01,0.00,0.00,-7.01,0.00,-7.01,0.00,0.00,-7.01,0.23,7.01,0.00
00.09,-1.45,62.69,25.15,3008.00,0.00,-6.87,0.00,-6.87,0.00,0.00,-6.87,0.00,-6.87,0.00,0.00,-6.87,0.00,-6.87,0.00,0.00,-6.87,0.26,6.87,0.00
00.05,-1.76,62.67,25.23,3008.00,0.00,-7.00,0.00,-7.00,0.00,0.00,-7.00,0.00,-7.00,0.00,0.00,-7.00,0.00,-7.00,0.00,0.00,-7.00,0.27,7.00,0.00
00.03,-1.62,62.66,25.03,3008.00,0.00,-7.04,0.00,-7.04,0.00,0.00,-7.04,0.00,-7.04,0.00,0.00,-7.04,0.00,-7.04,0.00,0.00,-7.04,0.20,7.04,0.00
00.06,-1.60,62.73,25.08,3008.00,0.00,-6.98,0.00,-6.98,0.00,0.00,-6.98,0.00,-6.98,0.00,0.00,-6.98,0.00,-6.98,0.00,0.00,-6.98,0.24,6.98,0.00
00.04,-1.45,62.65,25.19,3008.00,0.00,-6.93,0.00,-6.93,0.00,0.00,-6.93,0.00,-6.93,0.00,0.00,-6.93,0.00,-6.93,0.00,0.00,-6.93,0.23,6.93,0.00
00.06,-1.68,62.68,25.07,3008.00,0.00,-7.10,0.00,-7.10,0.00,0.00,-7.10,0.00,-7.10,0.00,0.00,-7.10,0.00,-7.10,0.00,0.00,-7.10,0.13,7.10,0.00
00.04,-1.85,62.66,24.91,3008.00,0.00,-7.15,0.00,-7.15,0.00,0.00,-7.15,0.00,-7.15,0.00,0.00,-7.15,0.00,-7.15,0.00,0.00,-7.15,0.12,7.15,0.00
00.06,-1.74,62.69,25.15,3008.00,0.00,-7.03,0.00,-7.03,0.00,0.00,-7.03,0.00,-7.03,0.00,0.00,-7.03,0.00,-7.03,0.00,0.00,-7.03,0.19,7.03,0.00
00.04,-1.69,62.71,25.37,3008.00,0.00,-6.98,0.00,-6.98,0.00,0.00,-6.98,0.00,-6.98,0.00,0.00,-6.98,0.00,-6.98,0.00,0.00,-6.98,0.20,6.98,0.00
00.02,-1.51,62.72,25.23,3008.00,0.00,-6.95,0.00,-6.95,0.00,0.00,-6.95,0.00,-6.95,0.00,0.00,-6.95,0.00,-6.95,0.00,0.00,-6.95,0.20,6.95,0.00
00.01,-1.31,62.64,25.18,3008.00,0.00,-6.90,0.00,-6.90,0.00,0.00,-6.90,0.00,-6.90,0.00,0.00,-6.90,0.00,-6.90,0.00,0.00,-6.90,0.16,6.90,0.00
00.01,-1.24,62.64,25.28,3008.00,0.00,-6.80,0.00,-6.80,0.00,0.00,-6.80,0.00,-6.80,0.00,0.00,-6.80,0.00,-6.80,0.00,0.00,-6.80,0.22,6.80,0.00
00.00,-1.41,62.64,25.25,3008.00,0.00,-6.87,0.00,-6.87,0.00,0.00,-6.87,0.00,-6.87,0.00,0.00,-6.87,0.00,-6.87,0.00,0.00,-6.87,0.13,6.87,0.00
00.08,-1.41,62.60,25.15,3008.00,0.00,-6.87,0.00,-6.87,0.00,0.00,-6.87,0.00,-6.87,0.00,0.00,-6.87,0.00,-6.87,0.00,0.00,-6.87,0.20,6.87,0.00
00.05,-1.54,62.61,25.18,3008.00,0.00,-6.99,0.00,-6.99,0.00,0.00,-6.99,0.00,-6.99,0.00,0.00,-6.99,0.00,-6.99,0.00,0.00,-6.99,0.12,6.99,0.00
00.03,-1.61,62.66,24.87,3008.00,0.00,-7.10,0.00,-7.10,0.00,0.00,-7.10,0.00,-7.10,0.00,0.00,-7.10,0.00,-7.10,0.00,0.00,-7.10,0.11,7.10,0.00
00.06,-1.64,62.69,24.90,3008.00,0.00,-7.10,0.00,-7.10,0.00,0.00,-7.10,0.00,-7.10,0.00,0.00,-7.10,0.00,-7.10,0.00,0.00,-7.10,0.06,7.10,0.00
00.08,-1.44,62.71,24.97,3008.00,0.00,-6.97,0.00,-6.97,0.00,0.00,-6.97,0.00,-6.97,0.00,0.00,-6.97,0.00,-6.97,0.00,0.00,-6.97,0.08,6.97,0.00
00.09,-1.48,62.72,25.19,3008.00,0.00,-6.88,0.00,-6.88,0.00,0.00,-6.88,0.00,-6.88,0.00,0.00,-6.88,0.00,-6.88,0.00,0.00,-6.88,0.09,6.88,0.00
00.05,-1.27,62.64,25.08,3008.00,0.00,-6.80,0.00,-6.80,0.00,0.00,-6.80,0.00,-6.80,0.00,0.00,-6.80,0.00,-6.80,0.00,0.00,-6.80,0.22,6.80,0.00
00.03,-1.36,62.68,25.01,3008.00,0.00,-6.89,0.00,-6.89,0.00,0.00,-6.89,0.00,-6.89,0.00,0.00,-6.89,0.00,-6.89,0.00,0.00,-6.89,0.21,6.89,0.00
00.02,-1.52,62.70,25.06,3008.00,0.00,-7.01,0.00,-7.01,0.00,0.00,-7.01,0.00,-7.01,0.00,0.00,-7.01,0.00,-7.01,0.00,0.00,-7.01,0.21,7.01,0.00
00.01,-1.36,62.72,24.81,3008.00,0.00,-7.04,0.00,-7.04,0.00,0.00,-7.04,0.00,-7.04,0.00,0.00,-7.04,0.00,-7.04,0.00,0.00,-7.04,0.24,7.04,0.00
00.01,-1.34,62.72,24.90,3008.00,0.00,-6.96,0.00,-6.96,0.00,0.00,-6.96,0.00,-6.96,0.00,0.00,-6.96,0.00,-6.96,0.00,0.00,-6.96,0.18,6.96,0.00
00.04,-1.35,62.73,25.02,3008.00,0.00,-6.93,0.00,-6.93,0.00,0.00,-6.93,0.00,-6.93,0.00,0.00,-6.93,0.00,-6.93,0.00,0.00,-6.93,0.19,6.93,0.00
00.03,-1.31,62.73,25.07,3008.00,0.00,-6.89,0.00,-6.89,0.00,0.00,-6.89,0.00,-6.89,0.00,0.00,-6.89,0.00,-6.89,0.00,0.00,-6.89,0.19,6.89,0.00
00.02,-1.37,62.69,24.99,3008.00,0.00,-6.94,0.00,-6.94,0.00,0.00,-6.94,0.00,-6.94,0.00,0.00,-6.94,0.00,-6.94,0.00,0.00,-6.94,0.11,6.94,0.00
00.01,-1.34,62.75,24.81,3008.00,0.00,-6.94,0.00,-6.94,0.00,0.00,-6.94,0.00,-6.94,0.00,0.00,-6.94,0.00,-6.94,0.00,0.00,-6.94,0.23,6.94,0.00
00.05,-1.55,62.74,24.83,3008.00,0.00,-7.00,0.00,-7.00,0.00,0.00,-7.00,0.00,-7.00,0.00,0.00,-7.00,0.00,-7.00,0.00,0.00,-7.00,0.22,7.00,0.00
00.03,-1.41,62.74,24.95,3008.00,0.00,-6.90,0.00,-6.90,0.00,0.00,-6.90,0.00,-6.90,0.00,0.00,-6.90,0.00,-6.90,0.00,0.00,-6.90,0.21,6.90,0.00
00.02,-1.38,62.74,25.14,3008.00,0.00,-6.82,0.00,-6.82,0.00,0.00,-6.82,0.00,-6.82,0.00,0.00,-6.82,0.00,-6.82,0.00,0.00,-6.82,0.21,6.82,0.00
00.01,-1.44,62.65,25.24,3008.00,0.00,-6.88,0.00,-6.88,0.00,0.00,-6.88,0.00,-6.88,0.00,0.00,-6.88,0.00,-6.88,0.00,0.00,-6.88,0.16,6.88,0.00
00.01,-1.67,62.73,25.03,3008.00,0.00,-7.00,0.00,-7.00,0.00,0.00,-7.00,0.00,-7.00,0.00,0.00,-7.00,0.00,-7.00,0.00,0.00,-7.00,0.18,7.00,0.00
00.00,-1.56,62.73,24.71,3008.00,0.00,-7.02,0.00,-7.02,0.00,0.00,-7.02,0.00,-7.02,0.00,0.00,-7.02,0.00,-7.02,0.00,0.00,-7.02,0.23,7.02,0.00
00.00,-1.33,62.73,24.56,3008.00,0.00,-6.98,0.00,-6.98,0.00,0.00,-6.98,0.00,-6.98,0.00,0.00,-6.98,0.00,-6.98,0.00,0.00,-6.98,0.22,6.98,0.00
00.00,-1.36,62.73,24.71,3008.00,0.00,-6.98,0.00,-6.98,0.00,0.00,-6.98,0.00,-6.98,0.00,0.00,-6.98,0.00,-6.98,0.00,0.00,-6.98,0.13,6.98,0.00
00.00,-1.61,62.65,24.88,3008.00,0.00,-7.01,0.00,-7.01,0.00,0.00,-7.01,0.00,-7.01,0.00,0.00,-7.01,0.00,-7.01,0.00,0.00,-7.01,0.20,7.01,0.00
00.00,-1.68,62.64,24.91,3008.00,0.00,-7.12,0.00,-7.12,0.00,0.00,-7.12,0.00,-7.12,0.00,0.00,-7.12,0.00,-7.12,0.00,0.00,-7.12,0.20,7.12,0.00
00.00,-1.52,62.64,25.00,3008.00,0.00,-7.00,0.00,-7.00,0.00,0.00,-7.00,0.00,-7.00,0.00,0.00,-7.00,0.00,-7.00,0.00,0.00,-7.00,0.12,7.00,0.00
00.00,-1.45,62.68,25.05,3008.00,0.00,-7.02,0.00,-7.02,0.00,0.00,-7.02,0.00,-7.02,0.00,0.00,-7.02,0.00,-7.02,0.00,0.00,-7.02,0.11,7.02,0.00
00.04,-1.57,62.74,25.01,3008.00,0.00,-7.00,0.00,-7.00,0.00,0.00,-7.00,0.00,-7.00,0.00,0.00,-7.00,0.00,-7.00,0.00,0.00,-7.00,0.15,7.00,0.00
00.07,-1.61,62.78,25.28,3008.00,0.00,-6.95,0.00,-6.95,0.00,0.00,-6.95,0.00,-6.95,0.00,0.00,-6.95,0.00,-6.95,0.00,0.00,-6.95,0.21,6.95,0.00
00.08,-1.59,62.76,24.89,3008.00,0.00,-7.00,0.00,-7.00,0.00,0.00,-7.00,0.00,-7.00,0.00,0.00,-7.00,0.00,-7.00,0.00,0.00,-7.00,0.16,7.00,0.00
00.05,-1.52,62.75,25.05,3008.00,0.00,-6.99,0.00,-6.99,0.00,0.00,-6.99,0.00,-6.99,0.00,0.00,-6.99,0.00,-6.99,0.00,0.00,-6.99,0.18,6.99,0.00
0-0.01,-1.48,62.74,24.92,3008.00,0.00,-7.00,0.00,-7.00,0.00,0.00,-7.00,0.00,-7.00,0.00,0.00,-7.00,0.00,-7.00,0.00,0.00,-7.00,0.15,7.00,0.00
0-0.05,-1.50,62.70,25.20,3008.00,0.00,-6.96,0.00,-6.96,0.00,0.00,-6.96,0.00,-6.96,0.00,0.00,-6.96,0.00,-6.96,0.00,0.00,-6.96,0.21,6.96,0.00
00.01,-1.50,62.67,25.44,3008.00,0.00,-6.88,0.00,-6.88,0.00,0.00,-6.88,0.00,-6.88,0.00,0.00,-6.88,0.00,-6.88,0.00,0.00,-6.88,0.33,6.88,0.00
00.05,-1.56,62.70,25.37,3008.00,0.00,-6.93,0.00,-6.93,0.00,0.00,-6.93,0.00,-6.93,0.00,0.00,-6.93,0.00,-6.93,0.00,0.00,-6.93,0.32,6.93,0.00
00.03,-1.46,62.71,25.03,3008.00,0.00,-6.91,0.00,-6.91,0.00,0.00,-6.91,0.00,-6.91,0.00,0.00,-6.91,0.00,-6.91,0.00,0.00,-6.91,0.27,6.91,0.00
00.02,-1.56,62.76,24.94,3008.00,0.00,-6.98,0.00,-6.98,0.00,0.00,-6.98,0.00,-6.98,0.00,0.00,-6.98,0.00,-6.98,0.00,0.00,-6.98,0.24,6.98,0.00
00.05,-1.42,62.79,25.03,3008.00,0.00,-6.83,0.00,-6.83,0.00,0.00,-6.83,0.00,-6.83,0.00,0.00,-6.83,0.00,-6.83,0.00,0.00,-6.83,0.14,6.83,0.00
00.07,-1.64,62.69,24.99,3008.00,0.00,-6.98,0.00,-6.98,0.00,0.00,-6.98,0.00,-6.98,0.00,0.00,-6.98,0.00,-6.98,0.00,0.00,-6.98,0.17,6.98,0.00
00.12,-1.43,62.67,24.68,3008.00,0.00,-6.99,0.00,-6.99,0.00,0.00,-6.99,0.00,-6.99,0.00,0.00,-6.99,0.00,-6.99,0.00,0.00,-6.99,0.22,6.99,0.00
00.11,-1.40,62.65,24.76,3008.00,0.00,-7.02,0.00,-7.02,0.00,0.00,-7.02,0.00,-7.02,0.00,0.00,-7.02,0.00,-7.02,0.00,0.00,-7.02,0.17,7.02,0.00
00.15,-1.38,62.69,24.61,3008.00,0.00,-7.07,0.00,-7.07,0.00,0.00,-7.07,0.00,-7.07,0.00,0.00,-7.07,0.00,-7.07,0.00,0.00,-7.07,0.22,7.07,0.00
00.13,-1.47,62.71,24.89,3008.00,0.00,-6.98,0.00,-6.98,0.00,0.00,-6.98,0.00,-6.98,0.00,0.00,-6.98,0.00,-6.98,0.00,0.00,-6.98,0.21,6.98,0.00
00.08,-1.35,62.68,24.74,3008.00,0.00,-6.94,0.00,-6.94,0.00,0.00,-6.94,0.00,-6.94,0.00,0.00,-6.94,0.00,-6.94,0.00,0.00,-6.94,0.21,6.94,0.00
00.04,-1.58,62.70,24.95,3008.00,0.00,-7.02,0.00,-7.02,0.00,0.00,-7.02,0.00,-7.02,0.00,0.00,-7.02,0.00,-7.02,0.00,0.00,-7.02,0.25,7.02,0.00
00.07,-1.51,62.67,24.95,3008.00,0.00,-7.03,0.00,-7.03,0.00,0.00,-7.03,0.00,-7.03,0.00,0.00,-7.03,0.00,-7.03,0.00,0.00,-7.03,0.19,7.03,0.00
00.04,-1.38,62.62,24.98,3008.00,0.00,-6.94,0.00,-6.94,0.00,0.00,-6.94,0.00,-6.94,0.00,0.00,-6.94,0.00,-6.94,0.00,0.00,-6.94,0.11,6.94,0.00
00.02,-1.47,62.58,24.94,3008.00,0.00,-7.02,0.00,-7.02,0.00,0.00,-7.02,0.00,-7.02,0.00,0.00,-7.02,0.00,-7.02,0.00,0.00,-7.02,0.06,7.02,0.00
00.05,-1.47,62.69,25.05,3008.00,0.00,-6.98,0.00,-6.98,0.00,0.00,-6.98,0.00,-6.98,0.00,0.00,-6.98,0.00,-6.98,0.00,0.00,-6.98,0.12,6.98,0.00
00.07,-1.33,62.71,25.15,3008.00,0.00,-6.81,0.00,-6.81,0.00,0.00,-6.81,0.00,-6.81,0.00,0.00,-6.81,0.00,-6.81,0.00,0.00,-6.81,0.03,6.81,0.00
00.04,-1.54,62.72,25.24,3008.00,0.00,-6.86,0.00,-6.86,0.00,0.00,-6.86,0.00,-6.86,0.00,0.00,-6.86,0.00,-6.86,0.00,0.00,-6.86,0.02,6.86,0.00
00.03,-1.40,62.68,25.11,3008.00,0.00,-6.86,0.00,-6.86,0.00,0.00,-6.86,0.00,-6.86,0.00,0.00,-6.86,0.00,-6.86,0.00,0.00,-6.86,0.09,6.86,0.00
00.06,-1.63,62.62,25.22,3008.00,0.00,-7.00,0.00,-7.00,0.00,0.00,-7.00,0.00,-7.00,0.00,0.00,-7.00,0.00,-7.00,0.00,0.00,-7.00,0.18,7.00,0.00
0-0.01,-1.57,62.59,25.42,3008.00,0.00,-6.99,0.00,-6.99,0.00,0.00,-6.99,0.00,-6.99,0.00,0.00,-6.99,0.00,-6.99,0.00,0.00,-6.99,0.15,6.99,0.00
0-0.00,-1.31,62.69,25.25,3008.00,0.00,-6.89,0.00,-6.89,0.00,0.00,-6.89,0.00,-6.89,0.00,0.00,-6.89,0.00,-6.89,0.00,0.00,-6.89,0.13,6.89,0.00
0-0.00,-1.26,62.71,25.06,3008.00,0.00,-6.85,0.00,-6.85,0.00,0.00,-6.85,0.00,-6.85,0.00,0.00,-6.85,0.00,-6.85,0.00,0.00,-6.85,0.20,6.85,0.00
0-0.00,-1.37,62.68,25.03,3008.00,0.00,-6.91,0.00,-6.91,0.00,0.00,-6.91,0.00,-6.91,0.00,0.00,-6.91,0.00,-6.91,0.00,0.00,-6.91,0.28,6.91,0.00
0-0.00,-1.32,62.66,25.02,3008.00,0.00,-6.91,0.00,-6.91,0.00,0.00,-6.91,0.00,-6.91,0.00,0.00,-6.91,0.00,-6.91,0.00,0.00,-6.91,0.29,6.91,0.00
0-0.00,-1.28,62.65,25.10,3008.00,0.00,-6.94,0.00,-6.94,0.00,0.00,-6.94,0.00,-6.94,0.00,0.00,-6.94,0.00,-6.94,0.00,0.00,-6.94,0.21,6.94,0.00
00.04,-1.28,62.68,24.96,3008.00,0.00,-6.94,0.00,-6.94,0.00,0.00,-6.94,0.00,-6.94,0.00,0.00,-6.94,0.00,-6.94,0.00,0.00,-6.94,0.17,6.94,0.00
00.02,-1.45,62.71,24.54,3008.00,0.00,-7.18,0.00,-7.18,0.00,0.00,-7.18,0.00,-7.18,0.00,0.00,-7.18,0.00,-7.18,0.00,0.00,-7.18,0.22,7.18,0.00
00.01,-1.34,62.68,24.56,3008.00,0.00,-7.10,0.00,-7.10,0.00,0.00,-7.10,0.00,-7.10,0.00,0.00,-7.10,0.00,-7.10,0.00,0.00,-7.10,0.29,7.10,0.00
00.01,-1.34,62.74,24.72,3008.00,0.00,-7.05,0.00,-7.05,0.00,0.00,-7.05,0.00,-7.05,0.00,0.00,-7.05,0.00,-7.05,0.00,0.00,-7.05,0.30,7.05,0.00
00.00,-1.38,62.70,24.82,3008.00,0.00,-6.97,0.00,-6.97,0.00,0.00,-6.97,0.00,-6.97,0.00,0.00,-6.97,0.00,-6.97,0.00,0.00,-6.97,0.26,6.97,0.00
00.00,-1.49,62.67,25.00,3008.00,0.00,-6.95,0.00,-6.95,0.00,0.00,-6.95,0.00,-6.95,0.00,0.00,-6.95,0.00,-6.95,0.00,0.00,-6.95,0.19,6.95,0.00
00.00,-1.41,62.70,24.69,3008.00,0.00,-6.97,0.00,-6.97,0.00,0.00,-6.97,0.00,-6.97,0.00,0.00,-6.97,0.00,-6.97,0.00,0.00,-6.97,0.20,6.97,0.00
00.00,-1.57,62.71,24.79,3008.00,0.00,-7.02,0.00,-7.02,0.00,0.00,-7.02,0.00,-7.02,0.00,0.00,-7.02,0.00,-7.02,0.00,0.00,-7.02,0.16,7.02,0.00
00.00,-1.50,62.72,25.19,3008.00,0.00,-6.91,0.00,-6.91,0.00,0.00,-6.91,0.00,-6.91,0.00,0.00,-6.91,0.00,-6.91,0.00,0.00,-6.91,0.13,6.91,0.00
00.00,-1.50,62.73,25.22,3008.00,0.00,-6.94,0.00,-6.94,0.00,0.00,-6.94,0.00,-6.94,0.00,0.00,-6.94,0.00,-6.94,0.00,0.00,-6.94,0.12,6.94,0.00
00.04,-1.61,62.69,25.14,3008.00,0.00,-6.96,0.00,-6.96,0.00,0.00,-6.96,0.00,-6.96,0.00,0.00,-6.96,0.00,-6.96,0.00,0.00,-6.96,0.07,6.96,0.00
00.02,-1.54,62.75,25.10,3008.00,0.00,-6.98,0.00,-6.98,0.00,0.00,-6.98,0.00,-6.98,0.00,0.00,-6.98,0.00,-6.98,0.00,0.00,-6.98,0.04,6.98,0.00
00.01,-1.57,62.74,24.85,3008.00,0.00,-7.04,0.00,-7.04,0.00,0.00,-7.04,0.00,-7.04,0.00,0.00,-7.04,0.00,-7.04,0.00,0.00,-7.04,0.11,7.04,0.00
00.01,-1.57,62.74,25.10,3008.00,0.00,-6.99,0.00,-6.99,0.00,0.00,-6.99,0.00,-6.99,0.00,0.00,-6.99,0.00,-6.99,0.00,0.00,-6.99,0.15,6.99,0.00
00.00,-1.42,62.66,25.19,3008.00,0.00,-6.92,0.00,-6.92,0.00,0.00,-6.92,0.00,-6.92,0.00,0.00,-6.92,0.00,-6.92,0.00,0.00,-6.92,0.13,6.92,0.00
00.00,-1.26,62.69,25.22,3008.00,0.00,-6.81,0.00,-6.81,0.00,0.00,-6.81,0.00,-6.81,0.00,0.00,-6.81,0.00,-6.81,0.00,0.00,-6.81,0.12,6.81,0.00
00.00,-1.37,62.67,25.14,3008.00,0.00,-6.89,0.00,-6.89,0.00,0.00,-6.89,0.00,-6.89,0.00,0.00,-6.89,0.00,-6.89,0.00,0.00,-6.89,0.19,6.89,0.00
00.00,-1.40,62.74,25.16,3008.00,0.00,-6.87,0.00,-6.87,0.00,0.00,-6.87,0.00,-6.87,0.00,0.00,-6.87,0.00,-6.87,0.00,0.00,-6.87,0.15,6.87,0.00
00.00,-1.37,62.74,24.94,3008.00,0.00,-6.98,0.00,-6.98,0.00,0.00,-6.98,0.00,-6.98,0.00,0.00,-6.98,0.00,-6.98,0.00,0.00,-6.98,0.17,6.98,0.00
00.00,-1.56,62.69,25.11,3008.00,0.00,-7.00,0.00,-7.00,0.00,0.00,-7.00,0.00,-7.00,0.00,0.00,-7.00,0.00,-7.00,0.00,0.00,-7.00,0.14,7.00,0.00
00.00,-1.44,62.67,24.88,3008.00,0.00,-6.98,0.00,-6.98,0.00,0.00,-6.98,0.00,-6.98,0.00,0.00,-6.98,0.00,-6.98,0.00,0.00,-6.98,0.13,6.98,0.00
00.08,-1.40,62.70,24.96,3008.00,0.00,-6.99,0.00,-6.99,0.00,0.00,-6.99,0.00,-6.99,0.00,0.00,-6.99,0.00,-6.99,0.00,0.00,-6.99,0.16,6.99,0.00
00.09,-1.42,62.67,24.95,3008.00,0.00,-6.92,0.00,-6.92,0.00,0.00,-6.92,0.00,-6.92,0.00,0.00,-6.92,0.00,-6.92,0.00,0.00,-6.92,0.09,6.92,0.00
00.05,-1.44,62.66,24.91,3008.00,0.00,-6.96,0.00,-6.96,0.00,0.00,-6.96,0.00,-6.96,0.00,0.00,-6.96,0.00,-6.96,0.00,0.00,-6.96,0.14,6.96,0.00
00.03,-1.56,62.65,25.03,3008.00,0.00,-6.91,0.00,-6.91,0.00,0.00,-6.91,0.00,-6.91,0.00,0.00,-6.91,0.00,-6.91,0.00,0.00,-6.91,0.20,6.91,0.00
00.02,-1.52,62.68,24.80,3008.00,0.00,-7.05,0.00,-7.05,0.00,0.00,-7.05,0.00,-7.05,0.00,0.00,-7.05,0.00,-7.05,0.00,0.00,-7.05,0.16,7.05,0.00
00.01,-1.68,62.75,25.21,3008.00,0.00,-7.00,0.00,-7.00,0.00,0.00,-7.00,0.00,-7.00,0.00,0.00,-7.00,0.00,-7.00,0.00,0.00,-7.00,0.22,7.00,0.00
00.01,-1.59,62.70,25.28,3008.00,0.00,-6.93,0.00,-6.93,0.00,0.00,-6.93,0.00,-6.93,0.00,0.00,-6.93,0.00,-6.93,0.00,0.00,-6.93,0.21,6.93,0.00
00.00,-1.57,62.67,25.22,3008.00,0.00,-6.91,0.00,-6.91,0.00,0.00,-6.91,0.00,-6.91,0.00,0.00,-6.91,0.00,-6.91,0.00,0.00,-6.91,0.21,6.91,0.00
0